Company,Industry,Sub-Industry,Paid Maternity Leave,Unpaid Maternity Leave,Maternity Leave,Paid Paternity Leave,Unpaid Paternity Leave
Epsilon,Advertising,,6,6,12,6,6
The Walt Disney Company,Arts & Entertainment,,5,4,9,4.5,4
Guild Education,Business Services, Other,14,0,14,8,4
WeWork,Business Services, Other,14,2,16,16,4
Randstad USA,Business Services, Staffing & Outsourcing,5,7,12,0,0
Bain & Company,Consulting Services,,20.5,5,25.5,21,5
World 50,Consulting Services,,8,12,20,1,12
"ConAgra Foods, Inc.",Consumer Packaged Goods, Packaged Foods,6,6,12,2,6
Anduril Industries,Defense & Space,,16,0,16,16,0
Northrop Grumman,Defense & Space,,3,12,15,2,12
The University of Vermont,Educational Services, College & Universities,0,12,12,0,12
Belden,Electronics, Manufacturing,0,12,12,0,12
Motorola Solutions,Electronics, Manufacturing,6,7.5,13.5,0,6
MFS Investment Management,Finance, Asset Management,16,2,18,12,0
PIMCO,Finance, Asset Management,12,12,24,3,12
Sandia National Laboratories,Government, Contractor,6,6,12,6,6
Los Angeles County,Government, County,0,12,12,0,12
Federal Reserve Bank of Chicago,Government, Federal,12,0,12,6,0
Southern Health Partners,Healthcare, Diversified,4,8,12,2,2
Denver Health Medical Center,Healthcare, Hospitals & Clinics,2.5,10.5,13,0,12
Kohler Co.,Industrial, Equipment Manufacturing,6,6,12,2,12
UnitedHealth Group,Insurance, Health,4,8,12,5,4
TEGNA,Media, Television,12,12,24,2,12
BHP Billiton Ltd.,Natural Resources, Metals & Mining,18,34,52,2,8
Roman Catholic Archdiocese of Philadelphia,Nonprofit, Religious,0,12,12,0,12
Bristol Myers Squibb,Pharmaceutical,,15,0,15,8,16
Walgreens,Pharmacies & Drug Stores,,6,3,9,8,24
Invitation Homes,Real Estate,,6,6,12,6,3
Cushman & Wakefield,Real Estate, Development & Management,9,0,9,6,6
"L Brands, Inc.",Retail," Shoes, Accessories and Apparel",14,0,14,6,6
Chronosphere,Technology, B2B Tech Services,16,8,24,16,8
Dropbox,Technology, Consumer Internet,24,0,24,24,24
Fairygodboss Inc.,Technology, Consumer Internet,12,0,12,21,3
SiriusXM & Pandora,Technology, Consumer Internet,14,0,14,14,2
Stack Overflow,Technology, Consumer Internet,16,0,16,16,8
Electronic Arts,Technology, Gaming,11,12,23,11,12
Ginkgo Bioworks,Technology, Research,12,0,12,2,0
Avalara,Technology, Software,12,15,27,12,12
Cornerstone OnDemand,Technology, Software,14,0,14,6,12
"ExamSoft Worldwide, Inc.",Technology, Software,4,12,16,2,12
Medidata Solutions,Technology, Software,16,24,40,16,24
"Sulzer US, LLC",Technology, Software,4,12,16,2,12
Thryv,Technology, Software,0,3,3,0,0
T-Mobile,Telecommunications,,7.5,3,10.5,3,4
BerryDunn,Accounting Services,,6,6,12,,
Crowe,Accounting Services,,6,0,6,,
Forvis,Accounting Services,,12,,12,2,12
Eisneramper,Accounting Services,,8,12,20,,
Fathom,Accounting Services,,12,0,12,,
Kearney & Company,Accounting Services,,4,0,4,,
Marcum LLP,Accounting Services,,8,8,16,,
Myers & Stauffer LC,Accounting Services,,8,52,60,,
Ryan LLC,Accounting Services,,14,6,20,,
Acceleration Partners,Advertising,,6,6,12,,
AdTheorent,Advertising,,6,0,6,,
Affinion Group,Advertising,,4,4,8,,
Ampersand,Advertising,,12,0,12,,
Ansira,Advertising,,12,0,12,,
BBDO,Advertising,,3,12,15,,
Cares Pro LLC,Advertising,,10,10,20,,
Code And Theory,Advertising,,4,0,4,,
Constant Contact,Advertising,,12,0,12,,
Conversant Media,Advertising,,12,4,16,,
Create NYC,Advertising,,8,0,8,,
DIGO,Advertising,,6,9,15,,
Essence Digital,Advertising,,1,0,1,,
Goodway Group,Advertising,,12,0,12,,
Hawkeye Agency,Advertising,,11,1,12,,
Hill Holliday,Advertising,,12,0,12,,
Hirshorn Zuckerman Design Group,Advertising,,2,12,14,,
Hootsuite,Advertising,,36,36,72,,
Huge Inc,Advertising,,12,24,36,,
Launch Potato,Advertising,,8,8,16,,
Media Directions Advertising,Advertising,,1,1,2,,
MediaCom,Advertising,,12,0,12,,
Monigle,Advertising,,6,6,12,,
Campari America,Consumer Packaged Goods, Beverages,12,,12,12,6
National Cinemedia,Advertising,,4,8,12,,
News America Marketing,Advertising,,12,12,24,,
Ogilvy,Advertising,,48,4,52,,
Omnicom Media Group,Advertising,,2,10,12,,
PGR Media,Advertising,,12,0,12,,
Pico,Advertising,,13,0,13,,
R/GA,Advertising,,12,0,12,,
Radancy,Advertising,,3,9,12,,
Radius Intelligence,Advertising,,12,0,12,,
ReachLocal,Advertising,,6,0,6,,
Saatchi & Saatchi,Advertising,,4.5,14,18.5,,
SapientRazorfish,Advertising,,6,4,10,,
SmartBug Media,Advertising,,4,2,6,,
Spectrum Science,Advertising,,13,13,26,,
Apollo Global Management,Finance, Asset Management,16,,16,2,0
Stage Marketing,Advertising,,4,8,12,,
Tag Worldwide,Advertising,,6,6,12,,
The Richards Group,Advertising,,12,0,12,,
UNiDAYS,Advertising,,20,0,20,,
VaynerMedia,Advertising,,7,12,19,,
Wavemaker,Advertising,,9,2,11,,
Wunderman DC,Advertising,,24,0,24,,
Zenith Media,Advertising,,3,9,12,,
AMG Research,Advertising, Market Research,4,12,16,,
eMarketer,Advertising, Market Research,12,0,12,,
Hanover Research,Advertising, Market Research,12,6,18,,
Acubed,Aerospace,,12,1,13,,
Honeywell Aerospace,Aerospace,,16,0,16,,
Pratt & Whitney,Aerospace,,12,12,24,,
SpaceX,Aerospace,,8,10,18,,
Boston Ballet,Arts & Entertainment,,12,12,24,,
Disney Streaming Services,Arts & Entertainment,,12,10,22,,
LaneOne,Arts & Entertainment,,6,0,6,,
Live Nation,Arts & Entertainment,,24,12,36,,
Camping World,Automotive, Dealers,8,0,8,,
Young Automotive Group,Automotive, Dealers,3,12,15,,
Aptiv PLC,Automotive, Manufacturers,6,14,20,,
Mercedes-Benz Research & Development North America,Automotive, Manufacturers,24,0,24,,
Advance Auto Parts,Automotive, Parts,8,4,12,,
Bendix Commercial Vehicle Systems,Automotive, Parts Manufacturing,6,0,6,,
Bridgestone Corporation,Automotive, Parts Manufacturing,8,0,8,,
Continental,Automotive, Parts Manufacturing,4,4,8,,
"Donaldson Company, Inc.",Automotive, Parts Manufacturing,0,12,12,,
Michelin,Automotive, Parts Manufacturing,12,0,12,,
Valvoline,Automotive, Products & Services,4,0,4,,
Aramark,Business Services, Food & Hospitality,2,10,12,,
Cintas Corporation,Business Services, Food & Hospitality,12,12,24,,
ADP Canada Inc,Business Services, Human Resources,26,4,30,,
ADP India,Business Services, Human Resources,25,25,50,,
ADP Philippines,Business Services, Human Resources,6.5,0,6.5,,
ADP UK,Business Services, Human Resources,36,12,48,,
ACA Compliance Group,Business Services, Other,4,8,12,,
"BDO USA, LLP",Business Services, Other,9,3,12,,
Brabo Payroll,Business Services, Other,13,13,26,,
Cardlytics,Business Services, Other,12,0,12,,
Cians Analytics,Business Services, Other,26,26,52,,
CoStar Group,Business Services, Other,6,6,12,,
Deluxe Corporation,Business Services, Other,8,0,8,,
EveryDay Labs,Business Services, Other,12,0,12,,
Flexport,Business Services, Other,16,0,16,,
LexisNexis Risk Solutions Group,Business Services, Other,6,6,12,,
LGC Standards,Business Services, Other,12,0,12,,
"LOTH, Inc.",Business Services, Other,10,0,10,,
MIC Global Services,Business Services, Other,6,12,18,,
Moody's Analytics,Business Services, Other,12,0,12,,
Nuclear Energy Institute,Business Services, Other,12,0,12,,
SmithBucklin,Business Services, Other,2,10,12,,
The Larkin Company,Business Services, Other,12,12,24,,
Ticketmaster,Business Services, Other,23,12,35,,
UL LLC,Business Services, Other,13.5,15.5,29,,
United States Chamber of Commerce,Business Services, Other,8,12,20,,
247 Private Security,Business Services, Security,0,0,0,,
Allied Universal,Business Services, Security,5,21,26,,
Vivint,Business Services, Security,6,6,12,,
"Aerotek, Inc.",Business Services, Staffing & Outsourcing,7,10,17,,
Beetroot,Business Services, Staffing & Outsourcing,6,52,58,,
Caastle,Business Services, Staffing & Outsourcing,12,4,16,,
Concurrent HRO,Business Services, Staffing & Outsourcing,2,2,4,,
Cyberbacker PH,Business Services, Staffing & Outsourcing,5,2,7,,
Daversa Partners,Business Services, Staffing & Outsourcing,12,0,12,,
Hays,Business Services, Staffing & Outsourcing,4,8,12,,
Kforce,Business Services, Staffing & Outsourcing,1,0,1,,
Manpower,Business Services, Staffing & Outsourcing,20,0,20,,
Marketsource,Business Services, Staffing & Outsourcing,1,11,12,,
MarketStar,Business Services, Staffing & Outsourcing,6,6,12,,
Maxim Healthcare Services,Business Services, Staffing & Outsourcing,5,0,5,,
nFuzion,Business Services, Staffing & Outsourcing,4,0,4,,
Norwin Technologies,Business Services, Staffing & Outsourcing,2,0,2,,
Populus Group,Business Services, Staffing & Outsourcing,12,12,24,,
Randstad Sourceright,Business Services, Staffing & Outsourcing,39,13,52,,
Recruitics,Business Services, Staffing & Outsourcing,9,4,13,,
Air Liquide,Natural Resources, Chemicals,14,,14,6,0
Robert Half,Business Services, Staffing & Outsourcing,6,4,10,,
Rochester Telemessaging Center,Business Services, Staffing & Outsourcing,3,12,15,,
Search Solution Group,Business Services, Staffing & Outsourcing,12,6,18,,
TaskUs,Business Services, Staffing & Outsourcing,6,0,6,,
WilsonHCG,Business Services, Staffing & Outsourcing,26,26,52,,
Alight Solutions,Business Services, Technology Solutions,8,2,10,,
Allied Telecom Group,Business Services, Technology Solutions,10,0,10,,
Bazaarvoice,Business Services, Technology Solutions,12,0,12,,
Broadridge Financial Solutions Group,Business Services, Technology Solutions,10.5,18,28.5,,
CareDox,Business Services, Technology Solutions,12,1,13,,
Clever Devices,Business Services, Technology Solutions,4,4,8,,
Galois,Business Services, Technology Solutions,16,12,28,,
Paya,Business Services, Technology Solutions,5,7,12,,
Pitney Bowes,Business Services, Technology Solutions,8,0,8,,
Sprinklr,Business Services, Technology Solutions,14,0,14,,
Taulia Inc.,Business Services, Technology Solutions,16,8,24,,
Thoughtworks,Business Services, Technology Solutions,12,0,12,,
TodayTix,Business Services, Technology Solutions,12,0,12,,
Sysdig,Computer & Network Security,,13,0,13,,
General Electric,Conglomerate,,12,0,12,,
Growmark,Conglomerate,,2,12,14,,
Koch Industries,Conglomerate,,6,6,12,,
Newell Brands,Conglomerate,,12,3,15,,
"Reliance Industries, Ltd",Conglomerate,,52,24,76,,
Siemens Industry Automation and Drive Technologies,Conglomerate,,9.5,0,9.5,,
Textron Inc.,Conglomerate,,2,0,2,,
Accenture,Consulting Services,,16,2,18,,
Alvarez & Marsal,Consulting Services,,12,0,12,,
Arc Aspicio,Consulting Services,,6,13,19,,
Artemis Connection,Consulting Services,,10,29,39,,
AustinCSI,Consulting Services,,4,0,4,,
BSR (Business for Social Responsibility),Consulting Services,,5,2,7,,
Capco,Consulting Services,,18,52,70,,
Capgemini,Consulting Services,,14,4,18,,
Credera,Consulting Services,,6,0,6,,
Dalberg,Consulting Services,,26,26,52,,
Dexis Consulting Group,Consulting Services,,5,0,5,,
FTI Consulting,Consulting Services,,16,12,28,,
GHD Group Pty Ltd,Consulting Services,,6,12,18,,
Tata Consultancy Services,Technology, B2B Tech Services,24,,24,1,4
Guidehouse,Consulting Services,,9,17,26,,
Heidrick & Struggles,Consulting Services,,16,12,28,,
Indigo Ag,Consulting Services,,12,0,12,,
Intentional Futures,Consulting Services,,8,6,14,,
Jasper Colin Research,Consulting Services,,24,18,42,,
Macro Consultants LLC,Consulting Services,,8,12,20,,
Mead & Hunt,Consulting Services,,16,10,26,,
MSA Worldwide,Consulting Services,,8,0,8,,
MTX Group Inc,Consulting Services,,52,0,52,,
Navigant Consulting,Consulting Services,,6,6,12,,
Novantas Inc.,Consulting Services,,6,0,6,,
NTT DATA Services,Consulting Services,,6,12,18,,
O.C. Tanner,Consulting Services,,6,12,18,,
OC&C Strategy Consultants,Consulting Services,,26,26,52,,
Oliver Wyman,Consulting Services,,18,6,24,,
"Perficient, Inc.",Consulting Services,,4,4,8,,
PwC,Consulting Services,,16,4,20,,
Resource Systems Group,Consulting Services,,4,12,16,,
Search Discovery,Consulting Services,,7,6,13,,
Stride Consulting,Consulting Services,,3,7,10,,
"TCG, Inc",Consulting Services,,3,16,19,,
True Group,Consulting Services,,6,12,18,,
West Monroe,Consulting Services,,12,0,12,,
ZS,Consulting Services,,16,12,28,,
Anheuser-Busch InBev,Consumer Packaged Goods, Beverages,26,0,26,,
Beam Suntory,Consumer Packaged Goods, Beverages,26,0,26,,
Boston Beer Company,Consumer Packaged Goods, Beverages,3,10,13,,
Molson Coors Brewing Company,Consumer Packaged Goods, Beverages,14,0,14,,
Nestle Waters,Consumer Packaged Goods, Beverages,14,10,24,,
PepsiCo,Consumer Packaged Goods, Beverages,6,6,12,,
Pernod Ricard,Consumer Packaged Goods, Beverages,12,0,12,,
Ranch Rider Spirits,Consumer Packaged Goods, Beverages,10,0,10,,
The Coca-Cola Company,Consumer Packaged Goods, Beverages,12,0,12,,
 Braum's Ice Cream & Dairy Store,Consumer Packaged Goods, Packaged Foods,3,1,4,,
Ajinomoto,Consumer Packaged Goods, Packaged Foods,9,12,21,,
Bimbo Bakeries USA,Consumer Packaged Goods, Packaged Foods,8,24,32,,
Campbell Soup Company,Consumer Packaged Goods, Packaged Foods,10,0,10,,
Frito-Lay,Consumer Packaged Goods, Packaged Foods,6,6,12,,
Impossible Foods,Consumer Packaged Goods, Packaged Foods,12,17,29,,
Lindt & Sprüngli,Consumer Packaged Goods, Packaged Foods,6,6,12,,
Nestle,Consumer Packaged Goods, Packaged Foods,14,26,40,,
R. M. Palmer Company,Consumer Packaged Goods, Packaged Foods,6,18,24,,
Taylor Company,Consumer Packaged Goods, Packaged Foods,26,0,26,,
The Coffee Bean & Tea Leaf,Consumer Packaged Goods, Packaged Foods,6,0,6,,
"The Dannon Company, Inc.",Consumer Packaged Goods, Packaged Foods,20,0,20,,
The J.M. Smucker Company,Consumer Packaged Goods, Packaged Foods,8,0,8,,
WellPet LLC,Consumer Packaged Goods, Packaged Foods,12,12,24,,
Colgate-Palmolive Company,Consumer Packaged Goods, Packaged Products,19.5,6,25.5,,
Elanco Animal Health,Consumer Packaged Goods, Packaged Products,12,12,24,,
Henkel,Consumer Packaged Goods, Packaged Products,8,3,11,,
Nestle Purina PetCare Company,Consumer Packaged Goods, Packaged Products,8.5,0,8.5,,
Procter & Gamble,Consumer Packaged Goods, Packaged Products,12,2,14,,
The Scotts Miracle-Gro Company,Consumer Packaged Goods, Packaged Products,10,0,10,,
"Altria Group, Inc.",Consumer Packaged Goods, Tobacco,6,0,6,,
Munchkin,Consumer Packaged Goods, Toys & Baby Products,6,0,6,,
Benefit Cosmetics LLC,Cosmetics,,12,4,16,,
Curology,Cosmetics,,12,12,24,,
Edge Systems LLC,Cosmetics,,12,0,12,,
Estee Lauder Companies,Cosmetics,,24,0,24,,
Mac Cosmetics,Cosmetics,,12,8,20,,
Revlon,Cosmetics,,12,12,24,,
BAE Systems,Defense & Space,,2,12,14,,
L3Harris,Defense & Space,,5,3,8,,
Sierra Nevada Corperation,Defense & Space,,5,8,13,,
Textron Systems,Defense & Space,,2,0,2,,
10up,Design,,4,12,16,,
Kettle,Design,,12,12,24,,
Reaktor,Design,,16,8,24,,
Bard College,Educational Services, College & Universities,8,6,14,,
Bryant University,Educational Services, College & Universities,0,6,6,,
California State University,Educational Services, College & Universities,4,12,16,,
Capella University,Educational Services, College & Universities,12,4,16,,
Case Western Reserve University,Educational Services, College & Universities,7,0,7,,
Colorado State University,Educational Services, College & Universities,3,9,12,,
Columbia University,Educational Services, College & Universities,6,12,18,,
Columbia University Information Technology,Educational Services, College & Universities,6,6,12,,
Dartmouth College,Educational Services, College & Universities,2,8,10,,
Duke University,Educational Services, College & Universities,6,9,15,,
Ferris State University,Educational Services, College & Universities,6,6,12,,
Florida International University,Educational Services, College & Universities,6,12,18,,
Georgetown University,Educational Services, College & Universities,8,0,8,,
Griffith University,Educational Services, College & Universities,26,26,52,,
Harvard Business School,Educational Services, College & Universities,16,7,23,,
Harvard University,Educational Services, College & Universities,12,12,24,,
Imperial College London,Educational Services, College & Universities,18,20,38,,
Indiana University,Educational Services, College & Universities,6,12,18,,
IUPUI,Educational Services, College & Universities,6,6,12,,
Johns Hopkins University,Educational Services, College & Universities,10,12,22,,
Johns Hopkins University Applied Physics Laboratory,Educational Services, College & Universities,2,26,28,,
Lasell College,Educational Services, College & Universities,12,0,12,,
Marquette University,Educational Services, College & Universities,8,0,8,,
Medical University of South Carolina,Educational Services, College & Universities,6,6,12,,
New York University,Educational Services, College & Universities,12,0,12,,
Northeastern University,Educational Services, College & Universities,8,4,12,,
Northwestern University,Educational Services, College & Universities,9,6,15,,
NYU School of Medicine,Educational Services, College & Universities,5,24,29,,
Rutgers University,Educational Services, College & Universities,6,12,18,,
The George Washington University,Educational Services, College & Universities,6,2,8,,
The Ohio State University,Educational Services, College & Universities,12,12,24,,
Tufts University,Educational Services, College & Universities,12,4,16,,
UCLA,Educational Services, College & Universities,13,9,22,,
University at Buffalo,Educational Services, College & Universities,12,12,24,,
University of Arizona,Educational Services, College & Universities,6,3,9,,
University of British Columbia,Educational Services, College & Universities,52,0,52,,
University of California Berkeley,Educational Services, College & Universities,12,12,24,,
University of Massachusetts Amherst,Educational Services, College & Universities,12,24,36,,
University of Michigan,Educational Services, College & Universities,12,12,24,,
University of New Hampshire,Educational Services, College & Universities,12,0,12,,
University of Notre Dame,Educational Services, College & Universities,12,12,24,,
University of Tampa,Educational Services, College & Universities,6,6,12,,
Virgina Commonwealth University,Educational Services, College & Universities,4,4,8,,
Webster University,Educational Services, College & Universities,6,6,12,,
Wheaton College,Educational Services, College & Universities,4,0,4,,
360DigiTMG,Educational Services, E-Learning,2,4,6,,
Chegg,Educational Services, E-Learning,10,12,22,,
Clever,Educational Services, E-Learning,12,0,12,,
Degreed,Educational Services, E-Learning,32,46,78,,
Imagine Learning,Educational Services, E-Learning,6,0,6,,
Pluralsight,Educational Services, E-Learning,6,0,6,,
Renaissance Learning,Educational Services, E-Learning,9,6,15,,
Skillcrush,Educational Services, E-Learning,8,8,16,,
Soomo Learning,Educational Services, E-Learning,12,0,12,,
Zearn,Educational Services, E-Learning,12,4,16,,
CIEE,Educational Services, Management,12,12,24,,
General Assembly,Educational Services, Management,16,4,20,,
NWEA,Educational Services, Management,8,52,60,,
Prince William County Public Schools,Educational Services, Management,12,12,24,,
Santa Fe Public Schools,Educational Services, Management,4,36,40,,
Teachstone,Educational Services, Management,2,12,14,,
The College Board,Educational Services, Management,8,8,16,,
"ACT, Inc",Educational Services, Other,6,0,6,,
British Council,Educational Services, Other,26,0,26,,
Pearson,Educational Services, Other,8.5,8,16.5,,
Savvas Learning Company,Educational Services, Other,3,12,15,,
Texas A&M AgriLife Research,Educational Services, Other,26,0,26,,
The Concord Consortium,Educational Services, Other,8,0,8,,
KinderCare Learning Companies,Educational Services, Preschool,6,0,6,,
Aperian Global,Educational Services, Professional Training,4,12,16,,
Achievement First,Educational Services, School,42,14,56,,
Cobb County School District,Educational Services, School,6,12,18,,
Henderson Collegiate,Educational Services, School,9,3,12,,
Humble Independent School District,Educational Services, School,12,0,12,,
IDEA Public Schools,Educational Services, School,6,6,12,,
Long Trail School,Educational Services, School,6,0,6,,
San Francisco Unified School District,Educational Services, School,6,0,6,,
The Meadowbrook School of Weston,Educational Services, School,12,0,12,,
Creative Education Services,Educational Services, Tutoring,16,0,16,,
Armada Technologies,Electronics, Manufacturing,2,10,12,,
Bose,Electronics, Manufacturing,12,12,24,,
Harman International Industries,Electronics, Manufacturing,12,0,12,,
iRobot,Electronics, Manufacturing,15,0,15,,
Keysight Technologies,Electronics, Manufacturing,8,52,60,,
Legrand,Electronics, Manufacturing,12,2,14,,
Maxim Integrated Products,Electronics, Manufacturing,8,12,20,,
Philips,Electronics, Manufacturing,8,4,12,,
Radar,Electronics, Manufacturing,12,0,12,,
Sanmina,Electronics, Manufacturing,6,6,12,,
Trane Technologies,Electronics, Manufacturing,11,0,11,,
Reprise,Engineering,,12,0,12,,
Barclays,Finance,,16,8,24,,
Progressive Leasing,Finance,,12,0,12,,
Acorns,Finance, Asset Management,12,2,14,,
AllianceBernstein LP,Finance, Asset Management,12,0,12,,
American Century Investments,Finance, Asset Management,6,0,6,,
American Endowment Foundation,Finance, Asset Management,0,12,12,,
BNY Mellon,Finance, Asset Management,16,8,24,,
Bridgewater Associates,Finance, Asset Management,11,29,40,,
"Cantella & Co., Inc.",Finance, Asset Management,8,0,8,,
Citadel,Finance, Asset Management,12,0,12,,
Coller Capital Ltd.,Finance, Asset Management,6,12,18,,
DWS,Finance, Asset Management,16,52,68,,
Fisher Investments,Finance, Asset Management,8,8,16,,
Gemini Trust Company,Finance, Asset Management,18,0,18,,
Golub Capital,Finance, Asset Management,3,0,3,,
Invesco,Finance, Asset Management,12,3,15,,
North Star Resource Group,Finance, Asset Management,6,6,12,,
The StepStone Group LP,Finance, Asset Management,16,4,20,,
TIAA,Finance, Asset Management,16,0,16,,
TPG Capital,Finance, Asset Management,16,0,16,,
Trinity Lifetime,Finance, Asset Management,39,13,52,,
Vanguard Group,Finance, Asset Management,10,0,10,,
American Express,Finance, Credit & Fund Services,20,0,20,,
American Honda Finance Corp,Finance, Credit & Fund Services,12,5,17,,
Navy Federal Credit Union,Finance, Credit Unions,16,0,16,,
Achieve,Finance, Diversified,4,8,12,,
Andrew Davidson & Co,Finance, Diversified,12,0,12,,
ASB Bank,Finance, Diversified,26,26,52,,
Bank of America,Finance, Diversified,16,4,20,,
BB&T Corporation,Finance, Diversified,6,2,8,,
BBVA,Finance, Diversified,12,0,12,,
BNP Paribas,Finance, Diversified,16,0,16,,
Capital One,Finance, Diversified,18,0,18,,
CAPTRUST,Finance, Diversified,2,14,16,,
Computershare,Finance, Diversified,7,3.5,10.5,,
Credit Suisse,Finance, Diversified,20,2,22,,
Digistream Investigations,Finance, Diversified,12,12,24,,
Edward Jones,Finance, Diversified,16,3,19,,
Fidelity Investments,Finance, Diversified,15,4,19,,
First Citizens Bank,Finance, Diversified,4,6,10,,
Geller & Company,Finance, Diversified,12,0,12,,
HSBC,Finance, Diversified,19,0,19,,
JMP Group LLC,Finance, Diversified,12,0,12,,
JPMorgan Chase,Finance, Diversified,12.5,0,12.5,,
Kasasa by BancVue,Finance, Diversified,12,0,12,,
Lincoln Financial Group,Finance, Diversified,10,12,22,,
Marsh McLennan,Finance, Diversified,8.5,8.5,17,,
Morgan Stanley,Finance, Diversified,16,0,16,,
Scotiabank,Finance, Diversified,14,3,17,,
Securian Financial Group Inc.,Finance, Diversified,12,0,12,,
State Street Corporation,Finance, Diversified,8,2,10,,
USAA,Finance, Diversified,12,2,14,,
Northwestern Mutual – Corporate Careers,Finance, Life,12,1,13,,
Better Mortgage,Finance, Loans,16.5,13,29.5,,
OneMain Financial,Finance, Loans,8,0,8,,
Quicken Loans Inc.,Finance, Loans,6,1.5,7.5,,
Veterans United Home Loans,Finance, Loans,8,0,8,,
ANZ,Finance, Personal & Commercial Banking,12,52,64,,
Bank of the West,Finance, Personal & Commercial Banking,16,12,28,,
BMO Harris Bank,Finance, Personal & Commercial Banking,12,12,24,,
CIT,Finance, Personal & Commercial Banking,20,8,28,,
Citizens Bank,Finance, Personal & Commercial Banking,12,0,12,,
Commonwealth Bank of Australia,Finance, Personal & Commercial Banking,12,52,64,,
Federal Home Loan Bank Of New York,Finance, Personal & Commercial Banking,12,0,12,,
Fifth Third Bank,Finance, Personal & Commercial Banking,9,6,15,,
First Republic Bank,Finance, Personal & Commercial Banking,12,0,12,,
Huntington Bank,Finance, Personal & Commercial Banking,4,8,12,,
KeyBank,Finance, Personal & Commercial Banking,12,6,18,,
M&T Bank Corporation,Finance, Personal & Commercial Banking,12,12,24,,
Santander US,Finance, Personal & Commercial Banking,6,6,12,,
Société Générale,Finance, Personal & Commercial Banking,12,0,12,,
Stanbic IBTC Bank,Finance, Personal & Commercial Banking,12,4,16,,
SunTrust Banks,Finance, Personal & Commercial Banking,16,4,20,,
U.S. Bank,Finance, Personal & Commercial Banking,13,0,13,,
Union Bank,Finance, Personal & Commercial Banking,21,8,29,,
Vanquis Bank,Finance, Personal & Commercial Banking,20,26,46,,
Wintrust Financial Corporation,Finance, Personal & Commercial Banking,10,2,12,,
"Adams Street Partners, LLC",Finance, Venture Capital,12,2,14,,
City of Virginia Beach,Government, City,6,0,6,,
New York City,Government, City,12,4,16,,
New York City Economic Development Corporation,Government, City,6,1,7,,
The City of Portland,Government, City,6,6,12,,
The City of San Antonio,Government, City,6,6,12,,
Peraton,Government, Contractor,1.5,12,13.5,,
Marion County Sheriff's Office,Government, County,13,20,33,,
"Multnomah County, Oregon",Government, County,12,0,12,,
Spokane County,Government, County,52,26,78,,
Corporation for National and Community Service,Government, Federal,0,0,0,,
Federal Deposit Insurance Corporation,Government, Federal,12,12,24,,
Federal Public Defender,Government, Federal,12,0,12,,
Federal Reserve Bank of New York,Government, Federal,8,8,16,,
Los Alamos National Laboratory,Government, Federal,3,12,15,,
NASA Jet Propulsion Laboratory,Government, Federal,12,0,12,,
Naval Medical Center Portsmouth,Government, Federal,46,0,46,,
NavSea,Government, Federal,11,6,17,,
NSA,Government, Federal,8,6.5,14.5,,
The United States Air Force,Government, Federal,12,0,12,,
U.S. Department of Education,Government, Federal,0,12,12,,
U.S. Department of Veterans Affairs,Government, Federal,11,11,22,,
U.S. Social Security Administration,Government, Federal,6,12,18,,
United States Army,Government, Federal,6,0,6,,
United States Department of State,Government, Federal,9,15,24,,
United States Trade and Development Agency,Government, Federal,12,0,12,,
USAID,Government, Federal,6,0,6,,
United Nations,Government, International,4,0,4,,
World Health Organization,Government, International,24,52,76,,
Commonwealth of Massachusetts,Government, State,2,24,26,,
DBPR,Government, State,12,0,12,,
State of North Carolina,Government, State,12,0,12,,
Companion Animal Hospital Partners,Healthcare, Animal Health,6,6,12,,
Veterinary Emergency Group,Healthcare, Animal Health,6,6,12,,
Zoetis,Healthcare, Animal Health,2,0,2,,
Beacon Health Options,Healthcare, Behavioral,4,6,10,,
Ambry Genetics,Healthcare, Biotechnology,6,0,6,,
Biogen,Healthcare, Biotechnology,12,6,18,,
bioMerieux,Healthcare, Biotechnology,12,0,12,,
Bolt Threads,Healthcare, Biotechnology,12,0,12,,
Charles River Laboratories,Healthcare, Biotechnology,9,3,12,,
Genentech,Healthcare, Biotechnology,12,0,12,,
"Gilead Sciences, Inc.",Healthcare, Biotechnology,12,6,18,,
Idexx Laboratories,Healthcare, Biotechnology,12,8,20,,
NanoString Technologies,Healthcare, Biotechnology,12,0,12,,
Nova Biomedical,Healthcare, Biotechnology,6,6,12,,
Novozymes,Healthcare, Biotechnology,17,0,17,,
Promega Corporation,Healthcare, Biotechnology,4,0,4,,
SCIEX,Healthcare, Biotechnology,15,26,41,,
Bupa,Healthcare, Diversified,14,36,50,,
Call9,Healthcare, Diversified,8,4,12,,
Saint Francis Medical Center,Healthcare, Diversified,6,0,6,,
Inspire Wellness,Healthcare, Family Care,12,6,18,,
Landmark Health,Healthcare, Family Care,4,8,12,,
Southwest Idaho Treatment Center,Healthcare, Family Care,12,0,12,,
Ascension Health,Healthcare, Hospitals & Clinics,8,0,8,,
Baptist Health System,Healthcare, Hospitals & Clinics,12,0,12,,
Bon Secours Mercy Health,Healthcare, Hospitals & Clinics,8,8,16,,
Central Maine Medical Center,Healthcare, Hospitals & Clinics,12,0,12,,
Children's Hospital of Pittsburgh of UPMC,Healthcare, Hospitals & Clinics,2,10,12,,
Children's Wisconsin,Healthcare, Hospitals & Clinics,0,12,12,,
Christiana Care Health System,Healthcare, Hospitals & Clinics,6,6,12,,
Cincinnati Children's Hospital Medical Center,Healthcare, Hospitals & Clinics,12,0,12,,
Duke Health,Healthcare, Hospitals & Clinics,6,6,12,,
Everett Clinic,Healthcare, Hospitals & Clinics,12,0,12,,
Houston Methodist Hospital,Healthcare, Hospitals & Clinics,6,6,12,,
Johns Hopkins All Children's Hospital,Healthcare, Hospitals & Clinics,8,0,8,,
Lovelace Health System,Healthcare, Hospitals & Clinics,0,6,6,,
Mercy,Healthcare, Hospitals & Clinics,4,1,5,,
MetroHealth Medical Center,Healthcare, Hospitals & Clinics,12,0,12,,
Michigan Medicine,Healthcare, Hospitals & Clinics,6,0,6,,
Molina Healthcare,Healthcare, Hospitals & Clinics,6,0,6,,
New Century Health,Healthcare, Hospitals & Clinics,12,0,12,,
New York State Psychiatric Institute,Healthcare, Hospitals & Clinics,12,0,12,,
Northwell Health,Healthcare, Hospitals & Clinics,0,12,12,,
NYU Langone Health,Healthcare, Hospitals & Clinics,9.5,6,15.5,,
Partners Healthcare,Healthcare, Hospitals & Clinics,8,4,12,,
Penn Medicine,Healthcare, Hospitals & Clinics,6,6,12,,
Providence,Healthcare, Hospitals & Clinics,8,12,20,,
Temple University Hospital,Healthcare, Hospitals & Clinics,0,12,12,,
Texas Children's Hospital,Healthcare, Hospitals & Clinics,0,0,0,,
LabCorp,Healthcare, Laboratory Testing,6,12,18,,
Aeroflow Healthcare,Healthcare, Medical Devices,6,4,10,,
Aquilant,Healthcare, Medical Devices,39,13,52,,
BD,Healthcare, Medical Devices,12,4,16,,
Boston Scientific,Healthcare, Medical Devices,12,0,12,,
Cook Medical,Healthcare, Medical Devices,10,6,16,,
Hillrom,Healthcare, Medical Devices,12,4,16,,
Integra LifeSciences,Healthcare, Medical Devices,10,12,22,,
Intuitive,Healthcare, Medical Devices,6,6,12,,
Medela,Healthcare, Medical Devices,12,0,12,,
MicroPort Orthopedics,Healthcare, Medical Devices,6,10,16,,
Olympus Corporation,Healthcare, Medical Devices,4,1,5,,
ResMed,Healthcare, Medical Devices,14,0,14,,
Stryker Corporation,Healthcare, Medical Devices,12,2,14,,
Terumo BCT,Healthcare, Medical Devices,9,18,27,,
J&J MedTech,Healthcare, Products,8,0,8,,
SmileDirectClub,Healthcare, Products,8,4,12,,
Be The Match,Healthcare, Services,6,6,12,,
Cardinal Health,Healthcare, Services,4,9,13,,
GE Healthcare Systems,Healthcare, Services,12,4,16,,
Heartland Dental,Healthcare, Services,6,12,18,,
Lumeris,Healthcare, Services,6,0,6,,
McKesson Specialty Health,Healthcare, Services,12,4,16,,
Optum,Healthcare, Services,8,3,11,,
Spectra,Hospitality,,12,12,24,,
Gordon Food Service,Hospitality, Foodservice Distributors,1,0,1,,
Hilton,Hospitality, Hotels,12,6,18,,
Hyatt,Hospitality, Hotels,8,0,8,,
Rosewood Hotels & Resorts,Hospitality, Hotels,2,0,2,,
Taj Hotels,Hospitality, Hotels,12,26,38,,
Blue Apron,Hospitality, Meal Kit Delivery,12,0,12,,
Disneyland,Hospitality, Resorts,8,0,8,,
Great Wolf Resorts,Hospitality, Resorts,8,0,8,,
Hilton Grand Vacations,Hospitality, Resorts,8,8,16,,
Vail Resorts,Hospitality, Resorts,4,2,6,,
Chipotle Mexican Grill,Hospitality, Restaurants,12,0,12,,
Gate Gourmet,Hospitality, Restaurants,6,12,18,,
La Colombe Torrefaction,Hospitality, Restaurants,6,30,36,,
Momofuku,Hospitality, Restaurants,4,8,12,,
Red Robin,Hospitality, Restaurants,0,12,12,,
Restaurant Brands International,Hospitality, Restaurants,16,0,16,,
Texas Roadhouse,Hospitality, Restaurants,6,11,17,,
Ergotron,Industrial, Appliances & Furniture,12,6,18,,
Stanley Black & Decker,Industrial, Appliances & Furniture,2,16,18,,
Steelcase,Industrial, Appliances & Furniture,10.5,27.5,38,,
Whirlpool Corporation,Industrial, Appliances & Furniture,12,4,16,,
Deborah Berke Partners,Industrial, Architecture & Design,6,4,10,,
Grimshaw Architects,Industrial, Architecture & Design,5,10,15,,
Hickok Cole Architects,Industrial, Architecture & Design,12,8,20,,
MG2,Industrial, Architecture & Design,6,6,12,,
CertainTeed,Industrial, Building Materials Manufacturing,12,12,24,,
Construction Specialties,Industrial, Building Materials Manufacturing,6,12,18,,
Daltile,Industrial, Building Materials Manufacturing,0,12,12,,
GAF,Industrial, Building Materials Manufacturing,6,12,18,,
Lehigh Hanson,Industrial, Building Materials Manufacturing,6,6,12,,
Sherwin-Williams,Industrial, Building Materials Manufacturing,8,4,12,,
Wilsonart,Industrial, Building Materials Manufacturing,6,12,18,,
Graham Construction & Engineering Inc,Industrial, Construction Company,12,52,64,,
"CIRCOR International, Inc.",Industrial, Diversified,12,12,24,,
Danaher,Industrial, Diversified,8,6,14,,
Eaton,Industrial, Diversified,12,0,12,,
Faith Technologies,Industrial, Diversified,8,4,12,,
HDR,Industrial, Diversified,2,8,10,,
Honeywell,Industrial, Diversified,4,12,16,,
Jacobs,Industrial, Diversified,1,8,9,,
Jason Industrial,Industrial, Diversified,12,0,12,,
Babcock International Group,Industrial, Engineering,12,0,12,,
Emerson Process Management,Industrial, Engineering,12,0,12,,
Equinor,Industrial, Engineering,16,2,18,,
GZA,Industrial, Engineering,4,0,4,,
Pfaudler inc,Industrial, Engineering,10,0,10,,
Quiddity Engineering,Industrial, Engineering,2,6,8,,
Stantec,Industrial, Engineering,6,12,18,,
Subsea 7,Industrial, Engineering,12,0,12,,
WSP Global,Industrial, Engineering,2,12,14,,
Xylem Inc.,Industrial, Engineering,4,0,4,,
AGCO Corporation,Industrial, Equipment Manufacturing,6,6,12,,
Association of Equipment Manufacturers,Industrial, Equipment Manufacturing,6,6,12,,
"Atlantic Diving Supply, Inc.",Industrial, Equipment Manufacturing,6,6,12,,
Genie Industries,Industrial, Equipment Manufacturing,12,12,24,,
ITW,Industrial, Equipment Manufacturing,7,0,7,,
KONE Corporation,Industrial, Equipment Manufacturing,9,0,9,,
Terex,Industrial, Equipment Manufacturing,10,2,12,,
Weir ESCO,Industrial, Equipment Manufacturing,1,12,13,,
Zoox,Industrial, Equipment Manufacturing,12,0,12,,
"Aleris International, Inc.",Industrial, Materials,4,0,4,,
Avantor,Industrial, Materials,4,0,4,,
HP Manufacturing,Industrial, Materials,6,6,12,,
Orica,Industrial, Materials,12,0,12,,
W.L. Gore,Industrial, Materials,12,12,24,,
Grainger Industrial Supply,Industrial, Other,9,6,15,,
Hunter Douglas,Industrial, Other,6,6,12,,
United Rentals,Industrial, Other,6,7.5,13.5,,
Bloomberg,Information Services, Diversified,26,0,26,,
Nielsen Holdings N.V.,Information Services, Diversified,9,3,12,,
RELX Group,Information Services, Diversified,13,20,33,,
WinBizSolutions,Information Services, Diversified,16,0,16,,
Wolters Kluwer,Information Services, Diversified,2,6,8,,
Dun & Bradstreet,Information Services, Financial,15,20,35,,
Experian PLC,Information Services, Financial,15,2.5,17.5,,
Fitch Ratings,Information Services, Financial,12,0,12,,
Ipreo Holdings LLC,Information Services, Financial,24,8,32,,
NASDAQ,Information Services, Financial,15,0,15,,
TransUnion,Information Services, Financial,17,0,17,,
Bloomberg BNA,Information Services, Legal,12,10,22,,
1010data,Information Services, Technology,12,8,20,,
Avanade,Information Services, Technology,16,1.5,17.5,,
Cloudreach,Information Services, Technology,12,0,12,,
Dataminr,Information Services, Technology,16,0,16,,
"DoubleVerify, Inc.",Information Services, Technology,10,8,18,,
Emids,Information Services, Technology,5,0,5,,
Equian,Information Services, Technology,3,3,6,,
Eras Tech,Information Services, Technology,26,0,26,,
Gartner,Information Services, Technology,12,0,12,,
Google Cloud,Information Services, Technology,18.5,32.5,51,,
HealthStream,Information Services, Technology,6,12,18,,
Hitachi Vantara,Information Services, Technology,12,0,12,,
Infolock,Information Services, Technology,12,0,12,,
Infosys,Information Services, Technology,1.5,1,2.5,,
J2 Global,Information Services, Technology,16,0,16,,
LeverX,Information Services, Technology,52,0,52,,
LexisNexis,Information Services, Technology,14,0,14,,
Lloyd Group,Information Services, Technology,3,0,3,,
LMT Technology Solutions,Information Services, Technology,12,0,12,,
Microsoft Azure,Information Services, Technology,16,4,20,,
NetImpact Strategies,Information Services, Technology,4,12,16,,
Newfold Digital,Information Services, Technology,12,12,24,,
Niche,Information Services, Technology,4,12,16,,
NielsenIQ,Information Services, Technology,20,0,20,,
OM1,Information Services, Technology,4,0,4,,
OPTIMIZERx Corporation,Information Services, Technology,4,8,12,,
PatientPop,Information Services, Technology,12,12,24,,
Publicis Sapient,Information Services, Technology,12,4,16,,
Remind,Information Services, Technology,16,0,16,,
RF Code,Information Services, Technology,6,6,12,,
Siemens Healthineers,Information Services, Technology,12,0,12,,
Smarsh,Information Services, Technology,2,4,6,,
SpotX,Information Services, Technology,9,6,15,,
Surescripts,Information Services, Technology,10,2,12,,
The Gordian Group,Information Services, Technology,8,12,20,,
TriNet,Information Services, Technology,12,4,16,,
Verisk Analytics,Information Services, Technology,10,4,14,,
VTS,Information Services, Technology,18,0,18,,
WP Engine,Information Services, Technology,16,0,16,,
ZoomInfo,Information Services, Technology,12,0,12,,
Marsh & McLennan Agency,Insurance,,2,10,12,,
Hub International,Insurance, Brokerage,6,4,10,,
USI Insurance Services,Insurance, Brokerage,2,10,12,,
Willis Towers Watson,Insurance, Brokerage,4,12.5,16.5,,
AmeriTrust Group,Insurance, Diversified,4,8,12,,
Aspen Insurance Holdings Limited,Insurance, Diversified,16,0,16,,
First American,Insurance, Diversified,6,12,18,,
Hiscox,Insurance, Diversified,12,0,12,,
IAG Limited,Insurance, Diversified,12,40,52,,
Lockton Companies Inc.,Insurance, Diversified,12,0,12,,
MassMutual,Insurance, Diversified,8,12,20,,
MJ Insurance,Insurance, Diversified,2,10,12,,
Sana Benefits,Insurance, Diversified,13,13,26,,
Sun Life Financial,Insurance, Diversified,16,0,16,,
The McGowan Companies Inc.,Insurance, Diversified,12,12,24,,
Trustmark Companies,Insurance, Diversified,6,6,12,,
Anthem,Insurance, Health,0,6,6,,
Blue Cross and Blue Shield of Texas,Insurance, Health,6,0,6,,
Blue Cross Blue Shield of Alabama,Insurance, Health,6,6,12,,
Cambia Health Solutions,Insurance, Health,12,0,12,,
CareFirst,Insurance, Health,6,5,11,,
CareSource,Insurance, Health,12,0,12,,
Centene Corporation,Insurance, Health,3,7.5,10.5,,
CIGNA Corporation,Insurance, Health,6,4,10,,
Clover Health,Insurance, Health,6,8,14,,
Delta Dental Ins,Insurance, Health,6,8,14,,
GoHealth,Insurance, Health,6,6,12,,
Independence Blue Cross,Insurance, Health,12,7,19,,
Oscar Health,Insurance, Health,16,0,16,,
Premera Blue Cross,Insurance, Health,12,0,12,,
UCare,Insurance, Health,12,5,17,,
UnitedHealthcare,Insurance, Health,4,4,8,,
WellCare Health Plans,Insurance, Health,6,6,12,,
American Income Life,Insurance, Life,52,0,52,,
"Genworth Financial, Inc.",Insurance, Life,12,0,12,,
GuardianLife,Insurance, Life,7,7,14,,
MetLife,Insurance, Life,5,0,5,,
National Benefit Life Insurance,Insurance, Life,13,15,28,,
New York Life Insurance Company,Insurance, Life,12,12,24,,
Prudential Financial,Insurance, Life,10,16,26,,
Unum,Insurance, Life,6,23,29,,
Allstate Insurance Company,Insurance, Property & Casualty,6,0,6,,
American Family Insurance,Insurance, Property & Casualty,12,2,14,,
"Assurant, Inc.",Insurance, Property & Casualty,4,2,6,,
Farmers Insurance,Insurance, Property & Casualty,12,16,28,,
FM Global,Insurance, Property & Casualty,4,2,6,,
GEICO,Insurance, Property & Casualty,10,0,10,,
IAT Insurance Group,Insurance, Property & Casualty,2,12,14,,
Intact Financial Corporation,Insurance, Property & Casualty,52,0,52,,
Liberty Mutual Insurance,Insurance, Property & Casualty,16,0,16,,
Progressive Corporation,Insurance, Property & Casualty,7.5,16,23.5,,
Selective Insurance,Insurance, Property & Casualty,2,12,14,,
The Hartford,Insurance, Property & Casualty,4.5,6,10.5,,
Travelers,Insurance, Property & Casualty,2,8,10,,
Guy Carpenter,Insurance, Reinsurance,8,12,20,,
Burr & Forman LLP,Law Firm,,4,4,8,,
Cleary Gottlieb Steen & Hamilton LLP,Law Firm,,16,26,42,,
Cooley LLP,Law Firm,,24,12,36,,
"Correia & Puth, PLLC",Law Firm,,6,10,16,,
Covington & Burling LLP,Law Firm,,16,0,16,,
Crowell & Moring,Law Firm,,4,0,4,,
Davis & Santos,Law Firm,,3,2,5,,
Desmarais LLP,Law Firm,,12,0,12,,
Entwistle & Cappucci LLC,Law Firm,,8,10,18,,
Fox Rothschild LLP,Law Firm,,12,0,12,,
Fragomen,Law Firm,,6,6,12,,
Hogan Lovells,Law Firm,,20,6,26,,
Hudson Cook,Law Firm,,6,0,6,,
Kirkland & Ellis LLP,Law Firm,,18,0,18,,
Latham & Watkins LLP,Law Firm,,12,0,12,,
Lathrop GPM LLP,Law Firm,,16,0,16,,
Linklaters LLP,Law Firm,,18,0,18,,
Littler Mendelson P.C.,Law Firm,,12,0,12,,
"Manatt, Phelps & Phillips, LLP",Law Firm,,12,29,41,,
McLane Middleton PA,Law Firm,,6,6,12,,
Mintz Levin Cohn Ferris Glovsky and Popeo PC,Law Firm,,17,0,17,,
Schlam Stone & Dolan,Law Firm,,12,4,16,,
Simpson Thacher & Bartlett LLP,Law Firm,,16,10,26,,
Veritas Law,Law Firm,,52,0,52,,
Wynyard Wood,Law Firm,,26,52,78,,
HBR Consulting,Legal Services,,4,3,7,,
Cruise Planners,"Leisure, Travel & Tourism",,3,0,3,,
Royal Caribbean International,"Leisure, Travel & Tourism",,4,2,6,,
VRBO,"Leisure, Travel & Tourism",,18,0,18,,
BrightTALK,Media,,12,12,24,,
Condé Nast,Media, Diversified,4,0,4,,
Meredith,Media, Diversified,12,12,24,,
NBCUniversal,Media, Diversified,16,4,20,,
Quartz,Media, Diversified,2,0,2,,
Thomson Reuters,Media, Diversified,12,10,22,,
Townsquare Media,Media, Diversified,12,0,12,,
Viacom Inc.,Media, Diversified,10,2.5,12.5,,
ViacomCBS,Media, Diversified,4,6,10,,
WGBH,Media, Diversified,4,12,16,,
Cinemark,Media, Entertainment,1,12,13,,
Lionsgate,Media, Entertainment,20,0,20,,
Madison Square Garden,Media, Entertainment,12,0,12,,
Showtime,Media, Entertainment,12,3,15,,
Spins,Media, Magazines,6,0,6,,
The Atlantic,Media, Magazines,12,4,16,,
Business Insider,Media, News,12,0,12,,
Dow Jones,Media, News,20,12,32,,
Forbes,Media, News,12,0,12,,
Gannett,Media, News,2,12,14,,
New York Times,Media, News,16,16,32,,
The New York Times Company,Media, News,20,20,40,,
Washington Post,Media, News,18,0,18,,
Public Broadcasting Service,Media, Television,12,0,12,,
Sinclair Broadcast Group,Media, Television,6,0,6,,
ASML,,,52,40,92,,
INK Communications Co.,,,10,2,12,,
Rokt,,,15,0,15,,
Bunge North America,Natural Resources, Agriculture and Food Processing,0,6,6,,
Pilgrim's Pride,Natural Resources, Agriculture and Food Processing,6,0,6,,
Tate & Lyle,Natural Resources, Agriculture and Food Processing,20.5,13,33.5,,
CHS Inc.,Natural Resources, Agrochemical,0,16,16,,
"Air Products & Chemicals, Inc.",Natural Resources, Chemicals,4,8,12,,
AkzoNobel Global,Natural Resources, Chemicals,12,12,24,,
Albemarle Corporation,Natural Resources, Chemicals,7,5,12,,
"Ashland, Inc.",Natural Resources, Chemicals,6,18,24,,
DuPont,Natural Resources, Chemicals,16,12,28,,
Eastman Chemical Company,Natural Resources, Chemicals,4,6,10,,
LyondellBasell,Natural Resources, Chemicals,0,12,12,,
"Nalco, An Ecolab Company",Natural Resources, Chemicals,24,0,24,,
Nutrien,Natural Resources, Chemicals,12,26,38,,
Solvay S.A.,Natural Resources, Chemicals,16,12,28,,
Syngenta Flowers,Natural Resources, Chemicals,6,0,6,,
CLEAResult,Natural Resources, Diversified Energy,2,10,12,,
Consolidated Edison Inc.,Natural Resources, Diversified Energy,10,16,26,,
Entergy Corporation,Natural Resources, Diversified Energy,6,0,6,,
"NRG Energy, Inc.",Natural Resources, Diversified Energy,6,6,12,,
Eversource,Natural Resources, Electric & Gas Utility,8,4,12,,
GE Power,Natural Resources, Electric & Gas Utility,24,20,44,,
National Grid plc,Natural Resources, Electric & Gas Utility,26,13,39,,
NiSource,Natural Resources, Electric & Gas Utility,26,26,52,,
Sempra Energy,Natural Resources, Electric & Gas Utility,12,0,12,,
Williams,Natural Resources, Electric & Gas Utility,10.5,0,10.5,,
Duke Energy,Natural Resources, Electric Power Generation,13,1.5,14.5,,
Exelon Corporation,Natural Resources, Electric Power Generation,16,24,40,,
Pacific Gas and Electric Company,Natural Resources, Electric Power Generation,12,26,38,,
Southern California Edison,Natural Resources, Electric Power Generation,8,12,20,,
Freeport-McMoRan,Natural Resources, Metals & Mining,26,0,26,,
Novelis,Natural Resources, Metals & Mining,8,0,8,,
"Enbridge, Inc.",Natural Resources, Oil & Gas,6,12,18,,
ExxonMobil,Natural Resources, Oil & Gas,8,0,8,,
Marathon Petroleum Corporation,Natural Resources, Oil & Gas,8,0,8,,
Shell Oil Company,Natural Resources, Oil & Gas,16,4,20,,
"T.D. Williamson, Inc.",Natural Resources, Oil & Gas,6,6,12,,
ASRC Energy Services,Natural Resources, Oilfield Services,12,0,12,,
Baker Hughes,Natural Resources, Oilfield Services,8,0,8,,
Schlumberger,Natural Resources, Oilfield Services,11,12,23,,
Save the Children,Nonprofit, Charity,5,0,5,,
The Pew Charitable Trusts,Nonprofit, Charity,6,6,12,,
World Vision,Nonprofit, Charity,52,0,52,,
AARP,Nonprofit, Civic & Social,6,6,12,,
Convergence,Nonprofit, Civic & Social,26,26,52,,
Enterprise Community Partners,Nonprofit, Civic & Social,12,0,12,,
Help USA,Nonprofit, Civic & Social,12,12,24,,
National Partnership for Women & Families,Nonprofit, Civic & Social,15,0,15,,
Project Renewal,Nonprofit, Civic & Social,0,0,0,,
uAspire,Nonprofit, Civic & Social,2,20,22,,
Washburn Center For Children,Nonprofit, Civic & Social,52,2,54,,
Endeavor,Nonprofit, Development,16,0,16,,
Achievement Network,Nonprofit, Education,12,4,16,,
Teach for America,Nonprofit, Education,12,0,12,,
Wildwood Programs,Nonprofit, Education,12,0,12,,
Environmental Defense Fund,Nonprofit, Environmental Organization,8,16,24,,
Natural Resources Defense Council,Nonprofit, Environmental Organization,15,9,24,,
The Nature Conservancy,Nonprofit, Environmental Organization,6,6,12,,
Financial Industry Regulatory Authority,Nonprofit, Finance,12,0,12,,
Financial Ombudsman Service,Nonprofit, Finance,26,12,38,,
Harvard Pilgrim Health Care,Nonprofit, Healthcare,4,0,4,,
Jewish Board of Family and Children's Services,Nonprofit, Healthcare,12,0,12,,
Planned Parenthood,Nonprofit, Healthcare,6,6,12,,
Sanford Health,Nonprofit, Healthcare,4,4,8,,
SWOG,Nonprofit, Healthcare,6,6,12,,
The Task Force For Global Health,Nonprofit, Healthcare,0,12,12,,
American Red Cross,Nonprofit, Humanitarian Aid Organization,8,8,16,,
International Justice Mission,Nonprofit, Legal,12,12,24,,
Legal Aid Society - Employment Law Center,Nonprofit, Legal,12,52,64,,
Center for Reproductive Rights,Nonprofit, Legal Services,12,4,16,,
Legal Aid of North Carolina,Nonprofit, Legal Services,6,6,12,,
Westbank Community Library,Nonprofit, Libraries,12,0,12,,
Camden Coalition of Healthcare Providers,Nonprofit, Medical,4,12,16,,
"MOXI, The Wolf Museum of Exploration + Innovation",Nonprofit, Museums,1,12,13,,
The Field Museum,Nonprofit, Museums,8,4,12,,
The World Economic Forum,Nonprofit, Political Organization,12,6,18,,
Archdiocese of Chicago,Nonprofit, Religious,12,12,24,,
Battelle Memorial Institute,Nonprofit, Research,6,0,6,,
Charles Stark Draper Laboratory,Nonprofit, Research,12,0,12,,
"Education Development Center, Inc.",Nonprofit, Research,12,0,12,,
HopeLab,Nonprofit, Research,16,0,16,,
RTI International,Nonprofit, Research,6,6,12,,
The Leukemia & Lymphoma Society,Nonprofit, Research,3,9,12,,
American Chemical Society,Nonprofit, Science & Technology,8,12,20,,
AICPA,Nonprofit, Trade Organization,10,0,10,,
The Georgia Society of CPAs,Nonprofit, Trade Organization,8,4,12,,
American Canning,Packaging,,6,6,12,,
Avery Dennison,Packaging,,9,0,9,,
AbbVie Inc.,Pharmaceutical,,12,12,24,,
Agios Pharmaceuticals,Pharmaceutical,,8,0,8,,
AstraZeneca,Pharmaceutical,,6,52,58,,
Bayer AG,Pharmaceutical,,4,12,16,,
Bayer HealthCare Pharmaceuticals,Pharmaceutical,,4,1,5,,
Envigo,Pharmaceutical,,6,0,6,,
Ferring Pharmaceuticals,Pharmaceutical,,8,8,16,,
Kite Pharma,Pharmaceutical,,12,0,12,,
"Merck & Co., Inc.",Pharmaceutical,,9,8,17,,
Novartis,Pharmaceutical,,13,6,19,,
Oceanic Pharmachem Pvt. Ltd.,Pharmaceutical,,12,14,26,,
Otsuka Pharmaceutical,Pharmaceutical,,8,0,8,,
Pfizer,Pharmaceutical,,12,12,24,,
Reata Pharmaceuticals,Pharmaceutical,,6,6,12,,
Recursion Pharmaceuticals,Pharmaceutical,,12,0,12,,
Syneos Health,Pharmaceutical,,14,38,52,,
Express Scripts Holding,Pharmacies & Drug Stores,,2,6,8,,
OptumRx,Pharmacies & Drug Stores,,12,12,24,,
Chan Zuckerberg Initiative,Philanthropy,,16,4,20,,
Harold Grinspoon Foundation,Philanthropy,,13,12,25,,
Open Society Foundations,Philanthropy,,25,13,38,,
W. K. Kellogg Foundation,Philanthropy,,32,0,32,,
BCW,Public Relations,,4,0,4,,
Curley & Pynn,Public Relations,,6,0,6,,
Edelman,Public Relations,,12,0,12,,
Golin,Public Relations,,8,27,35,,
Virgo Health,Public Relations,,4,2,6,,
American City Business Journals,Publishing,,12,0,12,,
Axel Springer,Publishing,,16,52,68,,
Curriculum Associates,Publishing,,12,0,12,,
Macmillan Learning,Publishing,,14,0,14,,
Mcgraw Hill,Publishing,,10.5,12,22.5,,
Penguin Random House,Publishing,,10,0,10,,
NavigatorCRE,Real Estate,,6,0,6,,
Keller Williams Realty,Real Estate, Brokers,13,0,13,,
Redfin,Real Estate, Brokers,16,4,20,,
Square Yards,Real Estate, Brokers,12,13,25,,
Wyse Home Team Realty,Real Estate, Brokers,4,52,56,,
CBRE,Real Estate, Development & Management,6,1,7,,
HILLS Properties,Real Estate, Development & Management,8,4,12,,
Jones Lang LaSalle,Real Estate, Development & Management,4,12,16,,
Ryan Companies,Real Estate, Development & Management,12,6,18,,
The Howard Hughes Corporation,Real Estate, Development & Management,12,0,12,,
David Weekley Homes,Real Estate, Home Building,12,24,36,,
PGIM Real Estate,Real Estate, Investment Trust,8,4,12,,
Uniti,Real Estate, Investment Trust,4,2,6,,
Blanton Turner,Real Estate, Management,4,12,16,,
Love's,Retail, Convenience Store,8,6,14,,
Hallmark Cards,Retail," Crafts, Fabrics & Party Supplies",8,20,28,,
Michaels,Retail," Crafts, Fabrics & Party Supplies",8,0,8,,
Belk,Retail, Department Store,8,4,12,,
Bloomingdale's,Retail, Department Store,12,0,12,,
Macy's,Retail, Department Store,11.5,6,17.5,,
Myer,Retail, Department Store,12,52,64,,
Nordstrom,Retail, Department Store,12,3,15,,
Aldi USA,Retail, Discount Store,6,4,10,,
BJs Wholesale Club,Retail, Discount Store,10,2,12,,
Costco,Retail, Discount Store,8,2,10,,
Dollar General,Retail, Discount Store,8,0,8,,
Ross Stores,Retail, Discount Store,6,6,12,,
Sprouts Farmers Market,Retail, Discount Store,3.5,5.5,9,,
Best Buy,Retail, Electronics,12,0,12,,
Crutchfield,Retail, Electronics,2,20,22,,
Telstra,Retail, Electronics,18,52,70,,
Central Garden & Pet,Retail, Furniture & Home Improvement,6,6,12,,
Floor & Decor,Retail, Furniture & Home Improvement,2,6,8,,
Sleep Number,Retail, Furniture & Home Improvement,4.5,3,7.5,,
Williams Sonoma,Retail, Furniture & Home Improvement,26,8,34,,
Kroger,Retail, General Merchandise,8,4,12,,
Lowe’s Home Improvement,Retail, General Merchandise,11,0,11,,
Petco,Retail, General Merchandise,2,52,54,,
Petsmart,Retail, General Merchandise,8,4,12,,
Tesco PLC,Retail, General Merchandise,27,18,45,,
Signet Jewelers,Retail, Jewelery,9,3,12,,
Drizly,Retail, Liquor,6,6,12,,
Custom Ink,Retail, Online,3,8,11,,
Zola,Retail, Online,12,4,16,,
Academy Sports + Outdoors,Retail, Other,6,1,7,,
Accent Decor,Retail, Other,3,12,15,,
Guitar Center,Retail, Other,7,2,9,,
Marshall Retail Group,Retail, Other,9,0,9,,
Uncommon Goods,Retail, Other,10,2,12,,
ANN Inc.,Retail," Shoes, Accessories and Apparel",6,6,12,,
Athleta,Retail," Shoes, Accessories and Apparel",15,0,15,,
Calvin Klein,Retail," Shoes, Accessories and Apparel",8,4,12,,
DICK'S Sporting Goods,Retail," Shoes, Accessories and Apparel",9,4,13,,
DSW,Retail," Shoes, Accessories and Apparel",11,0,11,,
Esprit,Retail," Shoes, Accessories and Apparel",6,16,22,,
Evisons,Retail," Shoes, Accessories and Apparel",6,0,6,,
Fossil,Retail," Shoes, Accessories and Apparel",6,9,15,,
Haggar,Retail," Shoes, Accessories and Apparel",6,24,30,,
Hollister,Retail," Shoes, Accessories and Apparel",6,12,18,,
J.Crew,Retail," Shoes, Accessories and Apparel",4.5,4,8.5,,
"Jockey International, Inc.",Retail," Shoes, Accessories and Apparel",6,6,12,,
Lands' End,Retail," Shoes, Accessories and Apparel",8,4,12,,
Levi Strauss & Co.,Retail," Shoes, Accessories and Apparel",12,21,33,,
Lululemon Athletica,Retail," Shoes, Accessories and Apparel",24,0,24,,
New Balance,Retail," Shoes, Accessories and Apparel",20,4,24,,
PVH Corp.,Retail," Shoes, Accessories and Apparel",6,4,10,,
"Reebok International, Ltd.",Retail," Shoes, Accessories and Apparel",8,8,16,,
REI,Retail," Shoes, Accessories and Apparel",16,6,22,,
Trunk Club,Retail," Shoes, Accessories and Apparel",12,0,12,,
Uniqlo,Retail," Shoes, Accessories and Apparel",0,0,0,,
Meredith Digital,Retail, Stationary & Office Supplies,12,0,12,,
Office Depot,Retail, Stationary & Office Supplies,6,8,14,,
Ahold Delhaize,Retail, Supermarket Company,6,6,12,,
Family Dollar,Retail, Supermarket Company,9,0,9,,
Hy-Vee,Retail, Supermarket Company,8,4,12,,
Lowes Foods,Retail, Supermarket Company,15,15,30,,
CozyKin,Services, Daycare,6,6,12,,
EasyWayPaper,Services, Other,30,5,35,,
Essay 4 Students,Services, Other,25,5,30,,
Industrious,Services, Other,0,4,4,,
International SOS,Services, Other,16,0,16,,
Sunrun,Services, Other,10,0,10,,
Terminix,Services, Other,13,6.5,19.5,,
Uno Assignment Help,Services, Other,4,6,10,,
TransPerfect,Services, Translation,8,4,12,,
"Clean Harbors, Inc.",Services, Waste Management,0,12,12,,
"Republic Services, Inc.",Services, Waste Management,8,0,8,,
Waste Connections,Services, Waste Management,6,12,18,,
WIN Waste Innovations,Services, Waste Management,12,12,24,,
Nike,Sporting Goods,,12,12,24,,
Trek Bikes,Sporting Goods,,12,0,12,,
National Football League,Sports,,16,0,16,,
Round Rock Express,Sports,,1,0,1,,
Braze,Technology,,18,2,20,,
Akamai,Technology, B2B Tech Services,11,6,17,,
Amazon Web Services,Technology, B2B Tech Services,12,5.5,17.5,,
Atos,Technology, B2B Tech Services,8,0,8,,
Bepress,Technology, B2B Tech Services,14,26,40,,
CACI International,Technology, B2B Tech Services,3,9,12,,
CDK Global,Technology, B2B Tech Services,9,25.5,34.5,,
Chartbeat,Technology, B2B Tech Services,26,26,52,,
Cognizant,Technology, B2B Tech Services,4,2,6,,
Cubic Corporation,Technology, B2B Tech Services,4,0,4,,
"Datto, Inc.",Technology, B2B Tech Services,16,0,16,,
"DMI, Inc.",Technology, B2B Tech Services,2,6,8,,
Impinj,Technology, B2B Tech Services,12,0,12,,
Iron Mountain,Technology, B2B Tech Services,5,9,14,,
Knowable,Technology, B2B Tech Services,11,2,13,,
Leidos,Technology, B2B Tech Services,4,5,9,,
Luxoft,Technology, B2B Tech Services,26,12,38,,
MediaMath,Technology, B2B Tech Services,10,0,10,,
MEDITECH,Technology, B2B Tech Services,16,0,16,,
MPAY,Technology, B2B Tech Services,4,0,4,,
NCR Corporation,Technology, B2B Tech Services,17,20,37,,
Optoro,Technology, B2B Tech Services,6,5,11,,
Quantcast,Technology, B2B Tech Services,4,8,12,,
Recurly,Technology, B2B Tech Services,6,0,6,,
Sirius Computer Solutions,Technology, B2B Tech Services,4,8,12,,
Teradata,Technology, B2B Tech Services,8,8,16,,
Twilio,Technology, B2B Tech Services,16,20,36,,
Unisys,Technology, B2B Tech Services,12,0,12,,
Volt Information Sciences,Technology, B2B Tech Services,6,6,12,,
Wipro,Technology, B2B Tech Services,16,8,24,,
Airbnb,Technology, Consumer Internet,21,2,23,,
AOL,Technology, Consumer Internet,12,12,24,,
BentoBox,Technology, Consumer Internet,12,0,12,,
BlaBlaCar,Technology, Consumer Internet,12,0,12,,
Booking.com,Technology, Consumer Internet,22,10.5,32.5,,
CampusLogic,Technology, Consumer Internet,10,0,10,,
CarMax,Technology, Consumer Internet,6,9,15,,
ChowNow,Technology, Consumer Internet,15,0,15,,
Cloudworkers,Technology, Consumer Internet,52,0,52,,
Comoto Holdings,Technology, Consumer Internet,12,26,38,,
Divercity,Technology, Consumer Internet,1,1,2,,
DoorDash,Technology, Consumer Internet,10,0,10,,
Freewheel,Technology, Consumer Internet,12,4,16,,
Genius,Technology, Consumer Internet,12,4,16,,
GoDaddy,Technology, Consumer Internet,17,9,26,,
Groupon,Technology, Consumer Internet,14,0,14,,
Grubhub,Technology, Consumer Internet,12,0,12,,
Ibotta,Technology, Consumer Internet,4,0,4,,
Indiegogo,Technology, Consumer Internet,10,10,20,,
Justworks,Technology, Consumer Internet,14,2,16,,
LaunchGood,Technology, Consumer Internet,12,12,24,,
Lyft,Technology, Consumer Internet,12,18,30,,
Match,Technology, Consumer Internet,16,0,16,,
Match Group,Technology, Consumer Internet,14,0,14,,
Meta,Technology, Consumer Internet,22,0,22,,
MindSumo,Technology, Consumer Internet,12,0,12,,
Nerdwallet,Technology, Consumer Internet,12,0,12,,
Netflix,Technology, Consumer Internet,52,0,52,,
"Noom, inc.",Technology, Consumer Internet,12,6,18,,
Offerup,Technology, Consumer Internet,8,8,16,,
OLX Group,Technology, Consumer Internet,19.5,26,45.5,,
ON Semiconductor,Technology, Consumer Internet,4,2,6,,
Peapod Digital Labs,Technology, Consumer Internet,12,6,18,,
Rally Health,Technology, Consumer Internet,18,0,18,,
Shopify,Technology, Consumer Internet,26,26,52,,
Spotify,Technology, Consumer Internet,24,2.5,26.5,,
Spring Health,Technology, Consumer Internet,18,0,18,,
Squarespace,Technology, Consumer Internet,20,0,20,,
Travelzoo,Technology, Consumer Internet,4,0,4,,
Twitter,Technology, Consumer Internet,20,2.5,22.5,,
WorkMarket,Technology, Consumer Internet,10,4,14,,
Yelp,Technology, Consumer Internet,14,0,14,,
YouTube,Technology, Consumer Internet,15,2,17,,
Zillow,Technology, Consumer Internet,4,2,6,,
Zumper,Technology, Consumer Internet,12,0,12,,
Enova,Technology, Financial Services,10,0,10,,
Kabbage,Technology, Financial Services,12,0,12,,
Amazon Games,Technology, Gaming,12,12,24,,
Roblox,Technology, Gaming,16,0.5,16.5,,
Advantest,Technology, Manufacturing,12,0,12,,
Analog Devices,Technology, Manufacturing,8,3,11,,
Aruba Networks,Technology, Manufacturing,24,2,26,,
Cadence Design Systems,Technology, Manufacturing,12,4,16,,
Cirrus Logic,Technology, Manufacturing,12,0,12,,
Ericsson,Technology, Manufacturing,16,0,16,,
GlobalFoundries,Technology, Manufacturing,20,0,20,,
HP Inc.,Technology, Manufacturing,14,6,20,,
Itron,Technology, Manufacturing,12,4,16,,
Juniper Networks,Technology, Manufacturing,16,46,62,,
KLA-Tencor Corporation,Technology, Manufacturing,12,6,18,,
Lenovo,Technology, Manufacturing,24,0,24,,
Markforged,Technology, Manufacturing,6,12,18,,
Molecular Devices,Technology, Manufacturing,14,4,18,,
National Instruments,Technology, Manufacturing,6,12,18,,
Roku,Technology, Manufacturing,16,8,24,,
Seagate Technology,Technology, Manufacturing,16,0,16,,
Siemens Energy,Technology, Manufacturing,6,4,10,,
Snap Inc.,Technology, Manufacturing,14,8,22,,
Currencycloud,Technology, Payments,13,0,13,,
Gusto,Technology, Payments,16,10,26,,
Ingenico Group,Technology, Payments,12,40,52,,
MineralTree,Technology, Payments,12,0,12,,
Pangea Money Transfer,Technology, Payments,12,0,12,,
PayPal,Technology, Payments,13,3,16,,
Plastiq,Technology, Payments,12,6,18,,
Ramp,Technology, Payments,12,0,12,,
Square,Technology, Payments,16,0,16,,
Magic Leap,Technology, Research,18,0,18,,
ADT Security Services,Technology, Security,5,5,10,,
Alarm.com,Technology, Security,8,0,8,,
Brivo,Technology, Security,8,0,8,,
Coalfire,Technology, Security,10,6,16,,
CrowdStrike,Technology, Security,9,11,20,,
Entrust,Technology, Security,12,2,14,,
RSA,Technology, Security,18,0,18,,
Trustwave Holdings,Technology, Security,12,12,24,,
Agilysys,Technology, Software,6,0,6,,
Alkami Technology,Technology, Software,12,0,12,,
Alteryx,Technology, Software,12,0,12,,
Anant Corporation,Technology, Software,4,2,6,,
Ansys,Technology, Software,6,6,12,,
AppDynamics,Technology, Software,13,0,13,,
Aquicore,Technology, Software,12,0,12,,
ArisGlobal,Technology, Software,12,4,16,,
Atlassian,Technology, Software,25,0,25,,
Automox,Technology, Software,12,0,12,,
"Aware, Inc",Technology, Software,15.5,0,15.5,,
Axon,Technology, Software,12,0,12,,
"Bentley Systems, Inc.",Technology, Software,6,6,12,,
BigCommerce,Technology, Software,12,0,12,,
Bitdefender,Technology, Software,52,52,104,,
Blackbaud,Technology, Software,12,0,12,,
Bullhorn,Technology, Software,12,0,12,,
CallRail,Technology, Software,6,12,18,,
Canva,Technology, Software,18,23,41,,
CareValidate,Technology, Software,8,0,8,,
CentralSquare Technologies,Technology, Software,12,0,12,,
Ceridian,Technology, Software,14,1,15,,
Citrix,Technology, Software,18,6,24,,
ClearPoint Strategy,Technology, Software,6,0,6,,
Cludo,Technology, Software,12,0,12,,
Collective Health,Technology, Software,6,6,12,,
Collibra,Technology, Software,21,6.5,27.5,,
Community Brands,Technology, Software,6,12,18,,
ConsenSys,Technology, Software,12,12,24,,
Conviva,Technology, Software,6,6,12,,
Convoy,Technology, Software,12,16,28,,
Coupa,Technology, Software,3,9,12,,
Dassault Systemes,Technology, Software,7,3,10,,
Detechtion Technologies,Technology, Software,1,4,5,,
Digit,Technology, Software,18,0,18,,
DISCO,Technology, Software,12,0,12,,
Donnelley Financial Solutions,Technology, Software,5,8,13,,
Doximity,Technology, Software,12,0,12,,
DxMinds Technologies Inc,Technology, Software,10,10,20,,
Dynatrace,Technology, Software,52,52,104,,
Ellevation Education,Technology, Software,8,0,8,,
Engrain,Technology, Software,8,0,8,,
ePublishing,Technology, Software,2,2,4,,
Esri,Technology, Software,6,0,6,,
Expeed Software,Technology, Software,24,0,24,,
Fearless,Technology, Software,6,3,9,,
Flexera Software,Technology, Software,8,8,16,,
FreshBooks,Technology, Software,32,0,32,,
Freshworks,Technology, Software,8,2,10,,
Frontline Education,Technology, Software,9,3,12,,
Fusion Risk Management,Technology, Software,12,0,12,,
GlossGenius,Technology, Software,16,0,16,,
Gong,Technology, Software,16,0,16,,
GoodCore Software,Technology, Software,12,0,12,,
Higher Logic,Technology, Software,12,0,12,,
"HubSpot, Inc.",Technology, Software,16,8,24,,
Hudl,Technology, Software,6,0,6,,
"iCIMS, Inc.",Technology, Software,14,30,44,,
Infor,Technology, Software,16,0,16,,
Informatica,Technology, Software,16,0,16,,
InsightSquared,Technology, Software,12,0,12,,
Instructure,Technology, Software,3,9,12,,
Integrity Software,Technology, Software,6,46,52,,
Intellimize,Technology, Software,14,0,14,,
"Intuit, Inc",Technology, Software,12,8,20,,
JHC Systems,Technology, Software,52,0,52,,
Juice Analytics,Technology, Software,4,0,4,,
Kajabi,Technology, Software,1,12,13,,
Khoros,Technology, Software,12,3,15,,
LevaData,Technology, Software,6,6,12,,
Lionbridge,Technology, Software,8,4,12,,
Lithero,Technology, Software,8,4,12,,
Mad Mobile,Technology, Software,2,10,12,,
Maestro,Technology, Software,16,0,16,,
Mapbox,Technology, Software,10,2,12,,
MaritzCX,Technology, Software,12,0,12,,
Medallia,Technology, Software,12,2,14,,
Microsoft,Technology, Software,12,3,15,,
MicroStrategy,Technology, Software,17,6,23,,
MobileIron,Technology, Software,12,16,28,,
Mode Mobile,Technology, Software,4,8,12,,
"MongoDB, Inc.",Technology, Software,20,0,20,,
Motus LLC,Technology, Software,16,0,16,,
Netskope,Technology, Software,6,0,6,,
NetSuite Inc.,Technology, Software,16,47,63,,
New Relic,Technology, Software,12,6,18,,
Nextech,Technology, Software,6,6,12,,
NextGen Healthcare,Technology, Software,2,12,14,,
Nutanix,Technology, Software,17,0,17,,
OfferFit,Technology, Software,12,8,20,,
Palantir,Technology, Software,30,38,68,,
PandaDoc,Technology, Software,20,40,60,,
panOpen,Technology, Software,2,0,2,,
"Panopto, Inc.",Technology, Software,12,4,16,,
Patron Technology,Technology, Software,14,8,22,,
Paylocity,Technology, Software,7,5,12,,
Pear Therapeutics,Technology, Software,6,4,10,,
Persistent Systems,Technology, Software,12,0,12,,
Pexip,Technology, Software,8,4,12,,
PhotoShelter,Technology, Software,12,0,12,,
Praxent,Technology, Software,2,2,4,,
Privitar Ltd,Technology, Software,20,13,33,,
Procore Technologies,Technology, Software,16,0,16,,
Qualtrics,Technology, Software,6,12,18,,
Rangle.io,Technology, Software,52,0,52,,
Red Hat,Technology, Software,0,0,0,,
Rosetta Stone,Technology, Software,14,0,14,,
Safety Labs Inc,Technology, Software,15,0,15,,
Sage,Technology, Software,12,0,12,,
SAP,Technology, Software,12,3,15,,
SAS,Technology, Software,8,4,12,,
Screencastify,Technology, Software,6,12,18,,
ServiceTitan,Technology, Software,12,11,23,,
Siemens Digital Industries Software,Technology, Software,6,11,17,,
Signzy Technology Private Limited,Technology, Software,3,3,6,,
SmartBear Software,Technology, Software,16,0,16,,
Splunk,Technology, Software,16,0,16,,
Storable,Technology, Software,12,0,12,,
Tableau Software,Technology, Software,12,0,12,,
Taboola,Technology, Software,26,0,26,,
TIBCO Software,Technology, Software,14,10,24,,
Triton Digital,Technology, Software,12,0,12,,
Veeva Systems,Technology, Software,12,12,24,,
VMware,Technology, Software,18,0,18,,
WGU Labs,Technology, Software,12,12,24,,
Workday,Technology, Software,12,0,12,,
WorkJam,Technology, Software,52,0,52,,
"Wrike, Inc.",Technology, Software,8,8,16,,
Xactly Corporation,Technology, Software,6,6,12,,
Xandr,Technology, Software,12,0,12,,
Zapier,Technology, Software,14,0,14,,
 Charter Communications,Telecommunications,,8,12,20,,
Asurion,Telecommunications,,12,8,20,,
AT&T,Telecommunications,,9,6,15,,
Ciena,Telecommunications,,18,0,18,,
Comcast,Telecommunications,,12,4,16,,
Cox,Telecommunications,,8,8,16,,
G Fiber,Telecommunications,,13,2,15,,
Hughes Network Systems,Telecommunications,,16,0,16,,
Qualcomm Incorporated,Telecommunications,,12,12,24,,
"RingCentral, Inc.",Telecommunications,,12,4,16,,
Telnyx,Telecommunications,,12,8,20,,
Viettel Group,Telecommunications,,24,52,76,,
Zara,Textiles,,6,4,10,,
FlixBus,Transportation, Bus,52,0,52,,
UPS,Transportation, Couriers & Delivery,3,8,11,,
CSX Corporation,Transportation, Freight & Logistics,16,52,68,,
Dematic,Transportation, Freight & Logistics,6,6,12,,
Echo Global Logistics,Transportation, Freight & Logistics,4,4,8,,
Redwood Logistics,Transportation, Freight & Logistics,4.5,1,5.5,,
Transplace,Transportation, Freight & Logistics,5,6,11,,
UniGroup,Transportation, Freight & Logistics,4,0,4,,
American Airlines,Transportation, Passenger Air,10.5,6,16.5,,
Southwest Airlines,Transportation, Passenger Air,12,12,24,,
United Airlines,Transportation, Passenger Air,6,0,6,,
Amtrak,Transportation, Rail,6,0,6,,
BNSF Logistics,Transportation, Rail,12,0,12,,
Kansas City Southern,Transportation, Rail,6,6,12,,
"Avis Budget Group, Inc.",Transportation, Rental,6,6,12,,
Enterprise Holdings,Transportation, Rental,12,12,24,,
"Hertz Global Holdings, Inc.",Transportation, Rental,12,0,12,,
ISO New England,Utilities,,2,8,10,,
Equinox,Wellness & Fitness,,6,12,18,,
THE WELL,Wellness & Fitness,,12,0,12,,
C&S Wholesale Grocers,Wholesale,,6,12,18,,
Martine's Wines,Wholesale,,6,0,6,,
Sonepar,Wholesale,,8,12,20,,
Sonepar USA,Wholesale,,6,12,18,,
Worldwide Produce,Wholesale,,6,0,6,,
Daggerwing Group Inc.,Advertising,,1,,1,,
KBS,Advertising,,2,,2,,
Wilson Dow Group,Advertising,,1,,1,,
Compass Group PLC,Business Services, Food & Hospitality,0,,0,,
Hays PLC,Business Services, Staffing & Outsourcing,2,,2,,
S.i. Systems,Business Services, Staffing & Outsourcing,0,,0,,
Vectrus,Conglomerate,,40,,40,,
Scentsy,Consumer Packaged Goods, Packaged Products,52,,52,,
Yankee Candle,Consumer Packaged Goods, Packaged Products,12,,12,,
Weill Cornell Medicine,Educational Services, College & Universities,12.5,,12.5,,
Round Rock ISD,Educational Services, Management,0,,0,,
Austin Independent School District,Educational Services, School,1,,1,,
Bain Capital,Finance, Asset Management,16,,16,,
KKR & Co. LP,Finance, Asset Management,16,,16,,
Nationwide Building Society,Finance, Diversified,26,,26,,
Carbon Health,Healthcare, Hospitals & Clinics,12,,12,,
Nemours,Healthcare, Hospitals & Clinics,0,,0,,
ProMedica,Healthcare, Hospitals & Clinics,0,,0,,
Trinity Health System,Healthcare, Hospitals & Clinics,2,,2,,
University Hospitals,Healthcare, Hospitals & Clinics,0,,0,,
"NxStage Medical, Inc.",Healthcare, Medical Devices,0,,0,,
Intercontinental Hotels Group,Hospitality, Hotels,50,,50,,
Waffle House,Hospitality, Restaurants,6,,6,,
Whataburger,Hospitality, Restaurants,40,,40,,
Pella Windows and Doors,Industrial, Building Materials Manufacturing,12,,12,,
American Bridge Company,Industrial, Construction Company,0,,0,,
Black & Veatch,Industrial, Construction Company,12,,12,,
Bhel,Industrial, Equipment Manufacturing,50,,50,,
Macy's Technology,Information Services, Technology,8,,8,,
Wisetech Global,Information Services, Technology,0,,0,,
Yext,Information Services, Technology,16,,16,,
"Matrix Absence Management, Inc.",Insurance, Diversified,8,,8,,
Elevance Health,Insurance, Health,6,,6,,
Auto-Owners Insurance,Insurance, Property & Casualty,1,,1,,
Hapag-Lloyd,Maritime,,14,,14,,
BASF,Natural Resources, Chemicals,18,,18,,
Alpha Natural Resources,Natural Resources, Metals & Mining,6,,6,,
Barrick Gold Corporation,Natural Resources, Metals & Mining,30,,30,,
BP,Natural Resources, Oil & Gas,16,,16,,
Halliburton,Natural Resources, Oilfield Services,8,,8,,
"National Oilwell Varco, Inc.",Natural Resources, Oilfield Services,2,,2,,
Silicon Valley Employers Forum,Nonprofit, Trade Organization,12,,12,,
SPEEA,Nonprofit, Trade Organization,0,,0,,
AmerisourceBergen,Pharmaceutical,,8,,8,,
Transwestern,Real Estate, Development & Management,7,,7,,
Trader Joe’s,Retail, Convenience Store,0,,0,,
Harrods,Retail, Department Store,10,,10,,
Tractor Supply Company,Retail, General Merchandise,6,,6,,
American Eagle Outfitters,Retail," Shoes, Accessories and Apparel",4,,4,,
LVMH,Retail," Shoes, Accessories and Apparel",10,,10,,
Steve Madden,Retail," Shoes, Accessories and Apparel",6,,6,,
Food Lion,Retail, Supermarket Company,0,,0,,
Bright Horizons,Services, Daycare,0,,0,,
Talent Inc.,Services, Other,10,,10,,
SHI International Corp.,Technology, B2B Tech Services,0,,0,,
Vistaprint,Technology, Consumer Internet,16,,16,,
Fujifilm Global,Technology, Manufacturing,12,,12,,
PlayStation,Technology, Manufacturing,12,,12,,
Druva,Technology, Software,2,,2,,
SurveyGizmo,Technology, Software,4,,4,,
Xero,Technology, Software,6,,6,,
Fedex Supply Chain,Transportation, Freight & Logistics,2,,2,,
Schneider National,Transportation, Freight & Logistics,0,,0,,
HD Supply,Wholesale,,14,,14,,
Merrimac Industrial Sales,Wholesale,,0,,0,,
Grant Thornton,Accounting Services,,51,51,102,51,
LAC-Group,Information Services, Diversified,32.5,0,32.5,35,
Flatiron Health,Healthcare, Telemedicine,30,15,45,30,
Bill and Melinda Gates Foundation,Philanthropy,,26,11,37,26,
Hewlett Packard Enterprise,Technology, B2B Tech Services,26,6,32,26,
Salesforce,Technology, Software,26,0,26,26,
Start Early,Nonprofit, Education,24,,24,24,
S&P Global,Information Services, Financial,18,0,18,23,
Goldman Sachs,Finance, Diversified,20,3,23,20,
UBS,Finance, Diversified,24,24,48,20,
GitHub,Technology, Software,20,4,24,20,
Capital Group,Finance, Asset Management,12,0,12,18,
Google,Technology, Consumer Internet,24,0,24,18,
Tinder,Technology, Consumer Internet,18,0,18,18,
Uber,Technology, Consumer Internet,18,0,18,18,
Zynga,Technology, Gaming,26,0,26,18,
"Guggenheim Partners, LLC",Finance, Venture Capital,18,,18,18,
LiveRamp,Advertising,,16,6,22,16,
ADP,Business Services, Human Resources,6,6,12,16,
Miller Coors,Consumer Packaged Goods, Beverages,16,34,50,16,
Reckitt Benckiser,Consumer Packaged Goods, Packaged Products,21,31,52,16,
Merrill,Finance, Asset Management,11,6,17,16,
Mastercard,Finance, Credit & Fund Services,16,0,16,16,
Deutsche Bank,Finance, Diversified,16,5,21,16,
DTCC,Finance, Diversified,16,4,20,16,
TD Bank,Finance, Personal & Commercial Banking,16,13,29,16,
TIAA Bank,Finance, Personal & Commercial Banking,28,0,28,16,
"Orrick, Herrington & Sutcliffe LLP",Law Firm,,23,2,25,16,
Consumers Energy,Natural Resources, Electric & Gas Utility,6,0,6,16,
Elastic,Technology, B2B Tech Services,16,0,16,16,
Indeed,Technology, Consumer Internet,16,0,16,16,
Adobe Systems,Technology, Software,17,15,32,16,
Klaviyo,Technology, Software,16,0,16,16,
Zoom,Telecommunications,,11,6,17,16,
Virgin Hyperloop One,Transportation, Rail,16,2,18,16,
Reynolds American Inc.,Consumer Packaged Goods, Tobacco,16,,16,16,
Postmates,Technology, Consumer Internet,16,,16,16,
Reddit,Technology, Consumer Internet,16,,16,16,
NexJ Systems Inc.,Technology, Software,13,52,65,13,
Boeing,Aerospace,,12,9,21,12,
Cessna Aircraft Company,Aerospace,,8,10,18,12,
General Motors,Automotive, Manufacturers,12,12,24,12,
KPMG,Consulting Services,,12,10,22,12,
General Mills,Consumer Packaged Goods, Packaged Foods,18,12,30,12,
Cengage Learning,Educational Services, E-Learning,12,0,12,12,
Ally Financial,Finance, Diversified,12,0,12,12,
Silicon Valley Bank,Finance, Diversified,12,0,12,12,
Root Insurance,Insurance, Property & Casualty,12,0,12,12,
Expedia Group,"Leisure, Travel & Tourism",,18,4,22,12,
Birchbox,Technology, Consumer Internet,14,0,14,12,
Box,Technology, Consumer Internet,18,1,19,12,
eBay,Technology, Consumer Internet,12,0,12,12,
Glassdoor,Technology, Consumer Internet,20,0,20,12,
LinkedIn,Technology, Consumer Internet,20,4,24,12,
Zwift,Technology, Gaming,12,6,18,12,
Dell Technologies,Technology, Manufacturing,12,0,12,12,
IBM,Technology, Manufacturing,12,0,12,12,
Western Digital,Technology, Manufacturing,8,0,8,12,
Appian,Technology, Software,16,0,16,12,
ServiceNow,Technology, Software,20,0,20,12,
Slack Technologies,Technology, Software,20,0,20,12,
Workiva,Technology, Software,12,8,20,12,
Instacart,Transportation, Couriers & Delivery,16,4,20,12,
Creative Artists Agency,Arts & Entertainment,,12,,12,12,
Curtis Institute of Music,Educational Services, School,12,,12,12,
Dell Boomi,Information Services, Technology,12,,12,12,
CUNA Mutual Group,Insurance, Diversified,8,,8,12,
MWWPR,Public Relations,,12,,12,12,
Amplitude,Technology, Software,12,,12,12,
"Zendesk, Inc",Technology, Software,11,2,13,10.5,
Protiviti,Consulting Services,,9,0,9,10,
Northern Trust,Finance, Diversified,10,6,16,10,
VISA,Technology, Payments,13,8,21,10,
Addepar,Technology, Software,19,0,19,10,
Deloitte,Consulting Services,,16,4,20,9,
Viasat,Telecommunications,,16,0,16,9,
Ford Motor Company,Automotive, Manufacturers,12,0,12,8,
Boston Consulting Group,Consulting Services,,16,0,16,8,
McKinsey & Company,Consulting Services,,16,26,42,8,
Johnson & Johnson,Consumer Packaged Goods, Packaged Products,16,24,40,8,
Unilever,Consumer Packaged Goods, Packaged Products,16,4,20,8,
L'Oréal USA,Cosmetics,,12,0,12,8,
Marriott International,Hospitality, Hotels,8,8,16,8,
Chevron,Natural Resources, Oil & Gas,12,26,38,8,
GlaxoSmithKline,Pharmaceutical,,14,0,14,8,
Vertex Pharmaceuticals,Pharmaceutical,,16,0,16,8,
Equinix,Technology, B2B Tech Services,8,4,12,8,
Tanium,Technology, Security,16,0,16,8,
Verizon,Telecommunications,,8,4,12,8,
Stifel Nicolaus & Co.,Finance, Diversified,16,,16,8,
Talkdesk,Technology, Software,16,,16,8,
Intel Corporation,Technology, Manufacturing,8,12,20,7.5,
RSM US,Accounting Services,,12,0,12,7,
Wikimedia Foundation,Nonprofit, Education,12,5,17,7,
CliftonLarsonAllen,Accounting Services,,9.5,6,15.5,6,
FCA US LLC,Automotive, Manufacturers,7.5,1,8.5,6,
Samsung Research America,Business Services, Other,6,0,6,6,
Paychex,Business Services, Technology Solutions,9,3,12,6,
"Ecolab, Inc.",Conglomerate,,9,0,9,6,
Pariveda,Consulting Services,,6,0,6,6,
"Mondelez International, Inc.",Consumer Packaged Goods, Packaged Foods,6,9.5,15.5,6,
University of Minnesota,Educational Services, College & Universities,6,6,12,6,
Charles Schwab,Finance, Diversified,8,6,14,6,
Macquarie Group,Finance, Diversified,16,0,16,6,
PNC Financial Services Group,Finance, Personal & Commercial Banking,12,0,12,6,
Illumina,Healthcare, Biotechnology,6,3,9,6,
"Becton, Dickinson and Company",Healthcare, Medical Devices,6,12,18,6,
Zimmer Biomet,Healthcare, Medical Devices,8,4,12,6,
Starbucks,Hospitality, Restaurants,6,9,15,6,
Cummins,Industrial, Equipment Manufacturing,12,10,22,6,
nVent,Industrial, Equipment Manufacturing,6,0,6,6,
Rockwell Automation,Industrial, Equipment Manufacturing,6,9,15,6,
AON,Insurance, Diversified,8,8,16,6,
Humana,Insurance, Health,6,6,12,6,
State Farm,Insurance, Property & Casualty,9,0,9,6,
Holland & Knight LLP,Law Firm,,4,8,12,6,
WarnerMedia,Media, Diversified,9,2,11,6,
PolyOne Corporation,Natural Resources, Chemicals,6,12,18,6,
Girl Scouts of the USA,Nonprofit, Human Rights Advocacy,6,0,6,6,
McKesson,Pharmaceutical,,6,0,6,6,
Home Depot,Retail, Furniture & Home Improvement,6,6,12,6,
Columbia Sportswear,Retail," Shoes, Accessories and Apparel",4,8,12,6,
Athenahealth,Technology, B2B Tech Services,12,0,12,6,
Amazon,Technology, Consumer Internet,12,0,12,6,
Angie's List,Technology, Consumer Internet,11,6,17,6,
FIS Global,Technology, Financial Services,6,0,6,6,
Personal Capital,Technology, Financial Services,2,0,2,6,
Forcepoint,Technology, Security,12,3,15,6,
Lumen,Telecommunications,,12,1,13,6,
Miro,Computer Software,,12,,12,6,
Aesop,Cosmetics,,12,,12,6,
Dickinson College,Educational Services, College & Universities,12,,12,6,
Sky PLC,Media, Diversified,26,,26,6,
Citigroup,Finance, Diversified,16,4,20,4.5,
Collins Aerospace,Aerospace,,12,0,12,4,
Collins Aerospace,Aerospace,,4,12,16,4,
Lockheed Martin Corporation,Aerospace,,6,1,7,4,
84.51°,Consulting Services,,12,0,12,4,
Slalom,Consulting Services,,14,0,14,4,
Raymond James,Finance, Diversified,16,0,16,4,
RBC Wealth Management,Finance, Diversified,11.5,10,21.5,4,
Wells Fargo,Finance, Diversified,16,5,21,4,
OECD,Government, International,14,0,14,4,
Banfield Pet Hospital,Healthcare, Animal Health,6,12,18,4,
CVS Health,Healthcare, Diversified,4,4,8,4,
Choice Hotels,Hospitality, Hotels,12,0,12,4,
Perkins + Will,Industrial, Architecture & Design,4,0,4,4,
BEUMER Group,Industrial, Equipment Manufacturing,4,0,4,4,
Caterpillar,Industrial, Equipment Manufacturing,5,6,11,4,
CNH Industrial America,Industrial, Equipment Manufacturing,6,6,12,4,
Hilti Corporation,Industrial, Equipment Manufacturing,12,2,14,4,
McMaster-Carr,Industrial, Other,16,4,20,4,
Aetna,Insurance, Health,12,12,24,4,
Cargill,Natural Resources, Agriculture and Food Processing,12,0,12,4,
Ingevity Corporation,Natural Resources, Chemicals,10,1,11,4,
Wiley Publishing,Publishing,,6,6,12,4,
Realtor.com,Real Estate, Other,20,0,20,4,
Kohl's,Retail, Department Store,6,9,15,4,
Wayfair,Retail, Furniture & Home Improvement,12,2,14,4,
Target,Retail," Shoes, Accessories and Apparel",6,6,12,4,
Meijer,Retail, Supermarket Company,5,3,8,4,
Cerner Corporation,Technology, B2B Tech Services,12,0,12,4,
Apple,Technology, Manufacturing,14,6,20,4,
FactSet,Technology, Software,16,0,16,4,
Pegasystems Inc.,Technology, Software,12,6,18,4,
UKG,Technology, Software,12,0,12,4,
ClassPass,Wellness & Fitness,,14,12,26,4,
Total Wine & More,Consumer Packaged Goods, Beverages,8,,8,4,
CME Group,Finance, Diversified,12,,12,4,
Overstock.com,Retail, Online,4,,4,4,
Texas Instruments,Technology, Manufacturing,12,,12,4,
Raytheon Technologies,Defense & Space,,7.5,3,10.5,3,
Thermo Fisher Scientific,Healthcare, Biotechnology,11.5,1,12.5,3,
Power Home Remodeling,Industrial, Construction Company,12,0,12,3,
RAND Corporation,Nonprofit, Public Policy,5.5,0,5.5,3,
IHS Markit Ltd.,Business Services, Other,26,13,39,2,
CGI,Business Services, Technology Solutions,8,0,8,2,
Siemens,Conglomerate,,6,0.5,6.5,2,
Samsung Electronics,Electronics, Manufacturing,2,12,14,2,
Discover Financial Services,Finance, Credit & Fund Services,16,0,16,2,
Ameriprise Financial,Finance, Diversified,12,4,16,2,
William Blair,Finance, Diversified,18,0,18,2,
SoFi,Finance, Loans,4,5,9,2,
University of Pittsburgh Medical Center,Healthcare, Hospitals & Clinics,2,6,8,2,
Forrester Research,Information Services, Technology,15,6,21,2,
The Hanover Insurance Group,Insurance, Property & Casualty,8,4,12,2,
Phillips 66,Natural Resources, Oil & Gas,9,12,21,2,
Range Resources,Natural Resources, Oil & Gas,9,6,15,2,
The MITRE Corporation,Nonprofit, Research,7,0,7,2,
Abbott Nutrition,Pharmaceutical,,8,16,24,2,
MOO,Printing,,2,40,42,2,
Bidwells LLP,Real Estate, Other,14,38,52,2,
Luxottica Group SpA,Retail," Shoes, Accessories and Apparel",8.5,6,14.5,2,
CDW Corporation,Technology, B2B Tech Services,6,4,10,2,
Jack Henry,Technology, Financial Services,8,7,15,2,
Epic Systems,Technology, Software,2,11,13,2,
Spectrum,Telecommunications,,6,6,12,2,
FedEx,Transportation, Couriers & Delivery,2,28,30,2,
C.H. Robinson,Transportation, Freight & Logistics,2,6,8,2,
US Foods,Wholesale,,6,6,12,2,
Nomura,Finance, Diversified,16,,16,2,
Standard Chartered,Finance, Diversified,20,,20,2,
Chick-fil-A,Hospitality, Restaurants,6,,6,2,
HOK,Industrial, Architecture & Design,6,,6,2,
Emerson Climate Technologies,Industrial, Equipment Manufacturing,12,,12,2,
"American Electric Power Company, Inc.",Natural Resources, Electric Power Generation,8,,8,2,
Carsales,Technology, Consumer Internet,16,,16,2,
Funding Circle,Technology, Financial Services,13,,13,2,
CBIZ,Accounting Services,,3.5,6,9.5,1,
Walden University,Educational Services, College & Universities,6,6,12,1,
Argus Media,Information Services, Diversified,8,12,20,1,
DXC Technology,Information Services, Technology,9,36,45,1,
General Dynamics Information Technology,Information Services, Technology,2,19,21,1,
Elsevier,Publishing,,39,0.5,39.5,1,
Waters Corporation,Technology, Research,8,4,12,1,
Infineon Technologies,Technology, Manufacturing,1,,1,1,
Toyota North America,Automotive, Manufacturers,6,1.5,7.5,0,
Johnson Controls,Automotive, Parts Manufacturing,6,6,12,0,
Adecco Group North America,Business Services, Staffing & Outsourcing,12,6,18,0,
Rice University,Educational Services, College & Universities,6,6,12,0,
Fresenius,Healthcare, Diversified,4,12,16,0,
Mayo Clinic,Healthcare, Hospitals & Clinics,5,6.5,11.5,0,
"Universal Health Services, Inc.",Healthcare, Hospitals & Clinics,0,12,12,0,
Medtronic,Healthcare, Medical Devices,12,2,14,0,
Parker Hannifin,Industrial, Diversified,4,8,12,0,
Kaiser Permanente,Insurance, Health,3,3,6,0,
Ineos,Natural Resources, Chemicals,6.5,9,15.5,0,
NextEra Energy,Natural Resources, Electric Power Generation,3,9,12,0,
Make-A-Wish Foundation,Nonprofit, Charity,6,12,18,0,
Cisco,Technology, Manufacturing,13,2,15,0,
"Calabrio, Inc.",Technology, Software,3,3,6,0,
Qualitest Group,Technology, Software,26,0,26,0,
DISH,Telecommunications,,0,12,12,0,
Sysco,Wholesale,,6,6,12,0,
GoDigital Media Group,Arts & Entertainment,,0,,0,0,
24-7 Intouch,Business Services, Staffing & Outsourcing,0,,0,0,
Utah State University,Educational Services, College & Universities,4,,4,0,
BAYADA,Healthcare, Family Care,0,,0,0,
Montefiore Medical Center,Healthcare, Hospitals & Clinics,0,,0,0,
Mayer Brown,Law Firm,,0,,0,0,
McDonald's,Hospitality, Restaurants,12,12,24,,29
Mindbody,Technology, Software,12,2,14,,18
Dow,Natural Resources, Chemicals,12,0,12,,16
Hasbro Inc.,Consumer Packaged Goods, Toys & Baby Products,18,18,36,,13
American Water,Natural Resources, Renewables & Environment,2,0,2,,12
3M,Industrial, Diversified,10,10,20,,10
Health Care Service Corporation,Insurance, Health,6,3,9,,6
Highmark Inc.,Insurance, Health,6,4,10,,4
Owens Corning,Industrial, Building Materials Manufacturing,4,4,8,,2
Aurora Health Care,Healthcare, Hospitals & Clinics,0,12,12,,0
Quest Diagnostics,Healthcare, Laboratory Testing,6,0,6,,0
Combined Insurance,Insurance, Life,15,3,18,,0
Publix Super Markets,Retail, Supermarket Company,2,6.5,8.5,,0
Garmin,Technology, Manufacturing,2,12,14,,0
Moses Cone,Healthcare, Hospitals & Clinics,0,,0,,0
